Modified Function Code:
from re_arc.dsl import *
def generate_0ca9ddb6(diff_lb: float = 0, diff_ub: float = 1) -> dict:
    cols = difference(interval(0, 10, 1), (1, 2, 4, 6, 7, 8))
    print(f"cols: {cols}")
    
    xi = {(8, (0, 0))}
    print(f"xi: {xi}")
    
    xo = {(8, (0, 0))}
    print(f"xo: {xo}")
    
    ai = {(6, (0, 0))}
    print(f"ai: {ai}")
    
    ao = {(6, (0, 0))}
    print(f"ao: {ao}")
    
    bi = {(2, (1, 1))}
    print(f"bi: {bi}")
    
    bo = {(2, (1, 1))} | recolor(4, ineighbors((1, 1)))
    print(f"bo: {bo}")
    
    ci = {(1, (1, 1))}
    print(f"ci: {ci}")
    
    co = {(1, (1, 1))} | recolor(7, dneighbors((1, 1)))
    print(f"co: {co}")
    
    arr = ((ai, ao), (bi, bo), (ci, co), (xi, xo))    
    print(f"arr: {arr}")
    
    h = unifint(diff_lb, diff_ub, (4, 30))
    print(f"h: {h}")
    
    w = unifint(diff_lb, diff_ub, (4, 30))
    print(f"w: {w}")
    
    nobjs = unifint(diff_lb, diff_ub, (1, (h * w) // 4))
    print(f"nobjs: {nobjs}")
    
    maxtr = 5 * nobjs
    print(f"maxtr: {maxtr}")
    
    tr = 0
    succ = 0
    bgc = choice(cols)
    print(f"bgc: {bgc}")
    
    gi = canvas(bgc, (h, w))
    print(f"gi: {gi}")
    
    inds = asindices(gi)
    print(f"inds: {inds}")
    
    while succ < nobjs and tr < maxtr:
        ino, outo = choice(arr)
        print(f"ino: {ino}, outo: {outo}")
        
        loc = choice(totuple(inds))
        print(f"loc: {loc}")
        
        oplcd = shift(outo, loc)
        print(f"oplcd: {oplcd}")
        
        oplcdi = toindices(oplcd)
        print(f"oplcdi: {oplcdi}")
        
        if oplcdi.issubset(inds):
            succ += 1
            gi = paint(gi, shift(ino, loc))
            print(f"Updated gi: {gi}")
            inds = inds - oplcdi
            print(f"Updated inds: {inds}")
        
        tr += 1
        print(f"tr: {tr}, succ: {succ}")
    
    return {'input': gi}

Printed Outputs:
cols: (0, 3, 5, 9)
xi: {(8, (0, 0))}
xo: {(8, (0, 0))}
ai: {(6, (0, 0))}
ao: {(6, (0, 0))}
bi: {(2, (1, 1))}
bo: {(4, (2, 0)), (4, (2, 2)), (4, (0, 2)), (2, (1, 1)), (4, (0, 0))}
ci: {(1, (1, 1))}
co: {(7, (2, 1)), (1, (1, 1)), (7, (1, 2)), (7, (0, 1)), (7, (1, 0))}
arr: (({(6, (0, 0))}, {(6, (0, 0))}), ({(2, (1, 1))}, {(4, (2, 0)), (4, (2, 2)), (4, (0, 2)), (2, (1, 1)), (4, (0, 0))}), ({(1, (1, 1))}, {(7, (2, 1)), (1, (1, 1)), (7, (1, 2)), (7, (0, 1)), (7, (1, 0))}), ({(8, (0, 0))}, {(8, (0, 0))}))
h: 20
w: 23
nobjs: 22
maxtr: 110
bgc: 3
gi: ((3, 3, 3, 3, 3, 3, 3, 3, 3, 3, 3, 3, 3, 3, 3, 3, 3, 3, 3, 3, 3, 3, 3), (3, 3, 3, 3, 3, 3, 3, 3, 3, 3, 3, 3, 3, 3, 3, 3, 3, 3, 3, 3, 3, 3, 3), (3, 3, 3, 3, 3, 3, 3, 3, 3, 3, 3, 3, 3, 3, 3, 3, 3, 3, 3, 3, 3, 3, 3), (3, 3, 3, 3, 3, 3, 3, 3, 3, 3, 3, 3, 3, 3, 3, 3, 3, 3, 3, 3, 3, 3, 3), (3, 3, 3, 3, 3, 3, 3, 3, 3, 3, 3, 3, 3, 3, 3, 3, 3, 3, 3, 3, 3, 3, 3), (3, 3, 3, 3, 3, 3, 3, 3, 3, 3, 3, 3, 3, 3, 3, 3, 3, 3, 3, 3, 3, 3, 3), (3, 3, 3, 3, 3, 3, 3, 3, 3, 3, 3, 3, 3, 3, 3, 3, 3, 3, 3, 3, 3, 3, 3), (3, 3, 3, 3, 3, 3, 3, 3, 3, 3, 3, 3, 3, 3, 3, 3, 3, 3, 3, 3, 3, 3, 3), (3, 3, 3, 3, 3, 3, 3, 3, 3, 3, 3, 3, 3, 3, 3, 3, 3, 3, 3, 3, 3, 3, 3), (3, 3, 3, 3, 3, 3, 3, 3, 3, 3, 3, 3, 3, 3, 3, 3, 3, 3, 3, 3, 3, 3, 3), (3, 3, 3, 3, 3, 3, 3, 3, 3, 3, 3, 3, 3, 3, 3, 3, 3, 3, 3, 3, 3, 3, 3), (3, 3, 3, 3, 3, 3, 3, 3, 3, 3, 3, 3, 3, 3, 3, 3, 3, 3, 3, 3, 3, 3, 3), (3, 3, 3, 3, 3, 3, 3, 3, 3, 3, 3, 3, 3, 3, 3, 3, 3, 3, 3, 3, 3, 3, 3), (3, 3, 3, 3, 3, 3, 3, 3, 3, 3, 3, 3, 3, 3, 3, 3, 3, 3, 3, 3, 3, 3, 3), (3, 3, 3, 3, 3, 3, 3, 3, 3, 3, 3, 3, 3, 3, 3, 3, 3, 3, 3, 3, 3, 3, 3), (3, 3, 3, 3, 3, 3, 3, 3, 3, 3, 3, 3, 3, 3, 3, 3, 3, 3, 3, 3, 3, 3, 3), (3, 3, 3, 3, 3, 3, 3, 3, 3, 3, 3, 3, 3, 3, 3, 3, 3, 3, 3, 3, 3, 3, 3), (3, 3, 3, 3, 3, 3, 3, 3, 3, 3, 3, 3, 3, 3, 3, 3, 3, 3, 3, 3, 3, 3, 3), (3, 3, 3, 3, 3, 3, 3, 3, 3, 3, 3, 3, 3, 3, 3, 3, 3, 3, 3, 3, 3, 3, 3), (3, 3, 3, 3, 3, 3, 3, 3, 3, 3, 3, 3, 3, 3, 3, 3, 3, 3, 3, 3, 3, 3, 3))
inds: frozenset({(15, 21), (7, 17), (18, 17), (8, 0), (19, 0), (8, 9), (19, 9), (0, 5), (11, 5), (8, 18), (19, 18), (0, 14), (11, 14), (4, 2), (3, 6), (3, 15), (14, 15), (15, 7), (7, 3), (18, 3), (15, 16), (7, 12), (18, 12), (7, 21), (18, 21), (8, 4), (19, 4), (0, 0), (11, 0), (0, 9), (11, 9), (10, 22), (3, 1), (14, 1), (3, 10), (14, 10), (3, 19), (14, 19), (15, 2), (15, 11), (7, 7), (18, 7), (7, 16), (18, 16), (11, 4), (10, 8), (10, 17), (2, 13), (2, 22), (3, 5), (14, 5), (3, 14), (14, 14), (15, 6), (7, 2), (18, 2), (7, 11), (18, 11), (6, 15), (10, 3), (10, 12), (2, 8), (10, 21), (2, 17), (3, 0), (14, 0), (3, 9), (14, 9), (3, 18), (14, 18), (17, 20), (6, 10), (6, 19), (10, 7), (2, 3), (10, 16), (2, 12), (2, 21), (3, 4), (14, 4), (17, 6), (17, 15), (9, 11), (5, 22), (9, 20), (6, 5), (6, 14), (10, 2), (10, 11), (2, 7), (2, 16), (13, 13), (13, 22), (16, 18), (17, 1), (5, 8), (17, 10), (9, 6), (5, 17), (17, 19), (9, 15), (6, 0), (6, 9), (6, 18), (10, 6), (2, 2), (2, 11), (13, 8), (1, 15), (13, 17), (16, 13), (16, 22), (5, 3), (17, 5), (9, 1), (5, 12), (17, 14), (9, 10), (5, 21), (9, 19), (6, 4), (6, 13), (12, 20), (13, 3), (1, 10), (13, 12), (16, 8), (1, 19), (13, 21), (16, 17), (17, 0), (5, 7), (17, 9), (9, 5), (5, 16), (9, 14), (12, 6), (12, 15), (4, 11), (4, 20), (1, 5), (13, 7), (16, 3), (1, 14), (13, 16), (16, 12), (16, 21), (5, 2), (17, 4), (9, 0), (5, 11), (9, 9), (8, 13), (19, 13), (8, 22), (19, 22), (0, 18), (11, 18), (12, 1), (12, 10), (4, 6), (12, 19), (4, 15), (1, 0), (13, 2), (1, 9), (13, 11), (16, 7), (1, 18), (16, 16), (15, 20), (5, 6), (18, 8), (8, 8), (19, 8), (0, 4), (8, 17), (19, 17), (0, 13), (11, 13), (0, 22), (11, 22), (12, 5), (4, 1), (12, 14), (4, 10), (4, 19), (1, 4), (16, 2), (1, 13), (15, 15), (7, 20), (18, 20), (8, 3), (19, 3), (8, 12), (19, 12), (0, 8), (11, 8), (8, 21), (19, 21), (0, 17), (11, 17), (12, 0), (12, 9), (4, 5), (4, 14), (15, 1), (15, 10), (7, 6), (18, 6), (15, 19), (7, 15), (18, 15), (8, 7), (19, 7), (11, 3), (0, 3), (8, 16), (19, 16), (0, 12), (11, 12), (0, 21), (11, 21), (12, 4), (4, 0), (4, 9), (3, 13), (14, 13), (3, 22), (14, 22), (15, 5), (7, 1), (18, 1), (15, 14), (7, 10), (18, 10), (7, 19), (18, 19), (8, 2), (19, 2), (8, 11), (19, 11), (0, 7), (11, 7), (0, 16), (11, 16), (10, 20), (3, 8), (14, 8), (3, 17), (14, 17), (15, 0), (15, 9), (7, 5), (18, 5), (15, 18), (7, 14), (18, 14), (19, 6), (0, 2), (11, 2), (10, 15), (2, 20), (3, 3), (14, 3), (3, 12), (14, 12), (3, 21), (14, 21), (15, 4), (7, 0), (18, 0), (15, 13), (7, 9), (18, 9), (18, 18), (6, 22), (10, 1), (10, 10), (2, 6), (10, 19), (2, 15), (3, 7), (14, 7), (3, 16), (14, 16), (17, 18), (7, 4), (18, 4), (6, 8), (6, 17), (10, 5), (2, 1), (10, 14), (2, 10), (2, 19), (3, 2), (14, 2), (3, 11), (14, 11), (17, 13), (5, 20), (17, 22), (9, 18), (6, 3), (6, 12), (6, 21), (10, 0), (10, 9), (2, 5), (10, 18), (2, 14), (13, 20), (14, 6), (17, 8), (9, 4), (5, 15), (17, 17), (9, 13), (9, 22), (6, 7), (6, 16), (10, 4), (2, 0), (10, 13), (2, 9), (13, 6), (2, 18), (13, 15), (16, 11), (1, 22), (16, 20), (5, 1), (17, 3), (5, 10), (17, 12), (9, 8), (5, 19), (17, 21), (9, 17), (6, 2), (6, 11), (6, 20), (12, 18), (2, 4), (13, 1), (1, 8), (13, 10), (16, 6), (1, 17), (13, 19), (16, 15), (5, 5), (17, 7), (9, 3), (5, 14), (17, 16), (9, 12), (9, 21), (6, 6), (12, 13), (12, 22), (4, 18), (1, 3), (13, 5), (16, 1), (1, 12), (13, 14), (16, 10), (1, 21), (16, 19), (5, 0), (17, 2), (5, 9), (17, 11), (9, 7), (5, 18), (9, 16), (6, 1), (8, 20), (19, 20), (12, 8), (4, 4), (12, 17), (4, 13), (4, 22), (13, 0), (1, 7), (13, 9), (16, 5), (1, 16), (13, 18), (16, 14), (5, 4), (9, 2), (5, 13), (8, 6), (8, 15), (19, 15), (0, 11), (11, 11), (0, 20), (11, 20), (12, 3), (12, 12), (4, 8), (12, 21), (4, 17), (1, 2), (13, 4), (16, 0), (1, 11), (16, 9), (1, 20), (15, 22), (7, 18), (8, 1), (19, 1), (8, 10), (19, 10), (0, 6), (11, 6), (8, 19), (19, 19), (0, 15), (11, 15), (12, 7), (4, 3), (12, 16), (4, 12), (4, 21), (1, 6), (16, 4), (15, 8), (15, 17), (7, 13), (18, 13), (7, 22), (18, 22), (8, 5), (19, 5), (0, 1), (11, 1), (8, 14), (19, 14), (0, 10), (11, 10), (0, 19), (11, 19), (12, 2), (12, 11), (4, 7), (4, 16), (1, 1), (3, 20), (14, 20), (15, 3), (15, 12), (7, 8)})
ino: {(8, (0, 0))}, outo: {(8, (0, 0))}
loc: (5, 15)
oplcd: frozenset({(8, (5, 15))})
oplcdi: frozenset({(5, 15)})
Updated gi: ((3, 3, 3, 3, 3, 3, 3, 3, 3, 3, 3, 3, 3, 3, 3, 3, 3, 3, 3, 3, 3, 3, 3), (3, 3, 3, 3, 3, 3, 3, 3, 3, 3, 3, 3, 3, 3, 3, 3, 3, 3, 3, 3, 3, 3, 3), (3, 3, 3, 3, 3, 3, 3, 3, 3, 3, 3, 3, 3, 3, 3, 3, 3, 3, 3, 3, 3, 3, 3), (3, 3, 3, 3, 3, 3, 3, 3, 3, 3, 3, 3, 3, 3, 3, 3, 3, 3, 3, 3, 3, 3, 3), (3, 3, 3, 3, 3, 3, 3, 3, 3, 3, 3, 3, 3, 3, 3, 3, 3, 3, 3, 3, 3, 3, 3), (3, 3, 3, 3, 3, 3, 3, 3, 3, 3, 3, 3, 3, 3, 3, 8, 3, 3, 3, 3, 3, 3, 3), (3, 3, 3, 3, 3, 3, 3, 3, 3, 3, 3, 3, 3, 3, 3, 3, 3, 3, 3, 3, 3, 3, 3), (3, 3, 3, 3, 3, 3, 3, 3, 3, 3, 3, 3, 3, 3, 3, 3, 3, 3, 3, 3, 3, 3, 3), (3, 3, 3, 3, 3, 3, 3, 3, 3, 3, 3, 3, 3, 3, 3, 3, 3, 3, 3, 3, 3, 3, 3), (3, 3, 3, 3, 3, 3, 3, 3, 3, 3, 3, 3, 3, 3, 3, 3, 3, 3, 3, 3, 3, 3, 3), (3, 3, 3, 3, 3, 3, 3, 3, 3, 3, 3, 3, 3, 3, 3, 3, 3, 3, 3, 3, 3, 3, 3), (3, 3, 3, 3, 3, 3, 3, 3, 3, 3, 3, 3, 3, 3, 3, 3, 3, 3, 3, 3, 3, 3, 3), (3, 3, 3, 3, 3, 3, 3, 3, 3, 3, 3, 3, 3, 3, 3, 3, 3, 3, 3, 3, 3, 3, 3), (3, 3, 3, 3, 3, 3, 3, 3, 3, 3, 3, 3, 3, 3, 3, 3, 3, 3, 3, 3, 3, 3, 3), (3, 3, 3, 3, 3, 3, 3, 3, 3, 3, 3, 3, 3, 3, 3, 3, 3, 3, 3, 3, 3, 3, 3), (3, 3, 3, 3, 3, 3, 3, 3, 3, 3, 3, 3, 3, 3, 3, 3, 3, 3, 3, 3, 3, 3, 3), (3, 3, 3, 3, 3, 3, 3, 3, 3, 3, 3, 3, 3, 3, 3, 3, 3, 3, 3, 3, 3, 3, 3), (3, 3, 3, 3, 3, 3, 3, 3, 3, 3, 3, 3, 3, 3, 3, 3, 3, 3, 3, 3, 3, 3, 3), (3, 3, 3, 3, 3, 3, 3, 3, 3, 3, 3, 3, 3, 3, 3, 3, 3, 3, 3, 3, 3, 3, 3), (3, 3, 3, 3, 3, 3, 3, 3, 3, 3, 3, 3, 3, 3, 3, 3, 3, 3, 3, 3, 3, 3, 3))
Updated inds: frozenset({(15, 21), (12, 4), (7, 17), (18, 17), (4, 0), (4, 9), (8, 0), (19, 0), (3, 13), (14, 13), (8, 9), (19, 9), (0, 5), (11, 5), (8, 18), (19, 18), (3, 22), (0, 14), (11, 14), (14, 22), (15, 5), (7, 1), (18, 1), (15, 14), (7, 10), (18, 10), (4, 2), (7, 19), (18, 19), (3, 6), (8, 2), (19, 2), (3, 15), (14, 15), (8, 11), (19, 11), (0, 7), (11, 7), (0, 16), (11, 16), (15, 7), (7, 3), (18, 3), (15, 16), (10, 20), (7, 12), (18, 12), (7, 21), (18, 21), (3, 8), (14, 8), (8, 4), (19, 4), (0, 0), (11, 0), (3, 17), (14, 17), (0, 9), (11, 9), (15, 0), (15, 9), (10, 22), (7, 5), (18, 5), (15, 18), (7, 14), (18, 14), (3, 1), (14, 1), (3, 10), (14, 10), (19, 6), (3, 19), (14, 19), (0, 2), (11, 2), (15, 2), (10, 15), (15, 11), (7, 7), (18, 7), (2, 20), (7, 16), (18, 16), (3, 3), (14, 3), (3, 12), (14, 12), (11, 4), (3, 21), (14, 21), (10, 8), (15, 4), (10, 17), (7, 0), (18, 0), (2, 13), (15, 13), (7, 9), (18, 9), (2, 22), (18, 18), (3, 5), (14, 5), (6, 22), (3, 14), (14, 14), (10, 1), (10, 10), (15, 6), (2, 6), (7, 2), (18, 2), (10, 19), (2, 15), (7, 8), (7, 11), (18, 11), (6, 15), (3, 7), (14, 7), (3, 16), (14, 16), (10, 3), (17, 18), (10, 12), (2, 8), (10, 21), (7, 4), (18, 4), (2, 17), (6, 8), (3, 0), (14, 0), (6, 17), (3, 9), (14, 9), (3, 18), (14, 18), (10, 5), (17, 20), (2, 1), (10, 14), (2, 10), (2, 19), (6, 10), (6, 19), (3, 2), (14, 2), (3, 11), (14, 11), (17, 13), (10, 7), (2, 3), (5, 20), (10, 16), (17, 22), (9, 18), (2, 12), (2, 21), (6, 3), (6, 12), (3, 4), (14, 4), (6, 21), (17, 6), (10, 0), (17, 15), (10, 9), (9, 11), (5, 22), (2, 5), (10, 18), (9, 20), (2, 14), (6, 5), (13, 20), (6, 14), (14, 6), (17, 8), (10, 2), (9, 4), (17, 17), (10, 11), (9, 13), (2, 7), (9, 22), (2, 16), (13, 13), (6, 7), (13, 22), (6, 16), (16, 18), (17, 1), (5, 8), (17, 10), (10, 4), (9, 6), (5, 17), (17, 19), (2, 0), (9, 15), (10, 13), (2, 9), (13, 6), (2, 18), (6, 0), (13, 15), (6, 9), (16, 11), (1, 22), (6, 18), (16, 20), (5, 1), (17, 3), (5, 10), (17, 12), (10, 6), (9, 8), (2, 2), (5, 19), (17, 21), (9, 17), (2, 11), (13, 8), (6, 2), (1, 15), (13, 17), (6, 11), (16, 13), (6, 20), (16, 22), (5, 3), (17, 5), (9, 1), (12, 18), (5, 12), (17, 14), (9, 10), (5, 21), (2, 4), (9, 19), (13, 1), (1, 8), (13, 10), (6, 4), (16, 6), (1, 17), (13, 19), (6, 13), (16, 15), (5, 5), (17, 7), (12, 20), (9, 3), (5, 14), (17, 16), (9, 12), (9, 21), (13, 3), (1, 10), (13, 12), (6, 6), (16, 8), (1, 19), (13, 21), (16, 17), (17, 0), (12, 13), (5, 7), (17, 9), (9, 5), (12, 22), (5, 16), (4, 18), (9, 14), (1, 3), (13, 5), (16, 1), (1, 12), (13, 14), (16, 10), (1, 21), (16, 19), (12, 6), (5, 0), (17, 2), (12, 15), (5, 9), (4, 11), (17, 11), (9, 7), (5, 18), (4, 20), (9, 16), (1, 5), (13, 7), (6, 1), (16, 3), (8, 20), (1, 14), (13, 16), (19, 20), (16, 12), (16, 21), (12, 8), (5, 2), (17, 4), (4, 4), (9, 0), (12, 17), (5, 11), (4, 13), (9, 9), (4, 22), (13, 0), (8, 13), (19, 13), (1, 7), (13, 9), (8, 22), (19, 22), (16, 5), (0, 18), (11, 18), (1, 16), (13, 18), (16, 14), (12, 1), (12, 10), (5, 4), (4, 6), (12, 19), (9, 2), (5, 13), (4, 15), (8, 6), (1, 0), (13, 2), (8, 15), (19, 15), (1, 9), (13, 11), (0, 11), (16, 7), (11, 11), (1, 18), (0, 20), (11, 20), (16, 16), (15, 20), (12, 3), (12, 12), (5, 6), (4, 8), (12, 21), (4, 17), (8, 8), (19, 8), (1, 2), (0, 4), (13, 4), (8, 17), (19, 17), (16, 0), (0, 13), (11, 13), (1, 11), (16, 9), (1, 20), (0, 22), (11, 22), (12, 5), (15, 22), (4, 1), (7, 18), (12, 14), (4, 10), (4, 19), (8, 1), (19, 1), (8, 10), (19, 10), (1, 4), (0, 6), (11, 6), (16, 2), (8, 19), (1, 13), (19, 19), (0, 15), (11, 15), (15, 15), (12, 7), (7, 20), (18, 20), (4, 3), (12, 16), (4, 12), (4, 21), (8, 3), (19, 3), (8, 12), (19, 12), (1, 6), (0, 8), (11, 8), (8, 21), (19, 21), (16, 4), (0, 17), (11, 17), (15, 8), (12, 0), (15, 17), (7, 13), (18, 13), (12, 9), (4, 5), (7, 22), (18, 22), (4, 14), (8, 5), (19, 5), (0, 1), (11, 1), (8, 14), (19, 14), (0, 10), (11, 10), (0, 19), (15, 1), (11, 19), (15, 10), (7, 6), (18, 6), (15, 19), (12, 2), (7, 15), (18, 15), (12, 11), (4, 7), (4, 16), (8, 7), (19, 7), (1, 1), (11, 3), (0, 3), (8, 16), (19, 16), (3, 20), (0, 12), (11, 12), (14, 20), (0, 21), (11, 21), (15, 3), (15, 12), (18, 8)})
tr: 1, succ: 1
ino: {(6, (0, 0))}, outo: {(6, (0, 0))}
loc: (16, 1)
oplcd: frozenset({(6, (16, 1))})
oplcdi: frozenset({(16, 1)})
Updated gi: ((3, 3, 3, 3, 3, 3, 3, 3, 3, 3, 3, 3, 3, 3, 3, 3, 3, 3, 3, 3, 3, 3, 3), (3, 3, 3, 3, 3, 3, 3, 3, 3, 3, 3, 3, 3, 3, 3, 3, 3, 3, 3, 3, 3, 3, 3), (3, 3, 3, 3, 3, 3, 3, 3, 3, 3, 3, 3, 3, 3, 3, 3, 3, 3, 3, 3, 3, 3, 3), (3, 3, 3, 3, 3, 3, 3, 3, 3, 3, 3, 3, 3, 3, 3, 3, 3, 3, 3, 3, 3, 3, 3), (3, 3, 3, 3, 3, 3, 3, 3, 3, 3, 3, 3, 3, 3, 3, 3, 3, 3, 3, 3, 3, 3, 3), (3, 3, 3, 3, 3, 3, 3, 3, 3, 3, 3, 3, 3, 3, 3, 8, 3, 3, 3, 3, 3, 3, 3), (3, 3, 3, 3, 3, 3, 3, 3, 3, 3, 3, 3, 3, 3, 3, 3, 3, 3, 3, 3, 3, 3, 3), (3, 3, 3, 3, 3, 3, 3, 3, 3, 3, 3, 3, 3, 3, 3, 3, 3, 3, 3, 3, 3, 3, 3), (3, 3, 3, 3, 3, 3, 3, 3, 3, 3, 3, 3, 3, 3, 3, 3, 3, 3, 3, 3, 3, 3, 3), (3, 3, 3, 3, 3, 3, 3, 3, 3, 3, 3, 3, 3, 3, 3, 3, 3, 3, 3, 3, 3, 3, 3), (3, 3, 3, 3, 3, 3, 3, 3, 3, 3, 3, 3, 3, 3, 3, 3, 3, 3, 3, 3, 3, 3, 3), (3, 3, 3, 3, 3, 3, 3, 3, 3, 3, 3, 3, 3, 3, 3, 3, 3, 3, 3, 3, 3, 3, 3), (3, 3, 3, 3, 3, 3, 3, 3, 3, 3, 3, 3, 3, 3, 3, 3, 3, 3, 3, 3, 3, 3, 3), (3, 3, 3, 3, 3, 3, 3, 3, 3, 3, 3, 3, 3, 3, 3, 3, 3, 3, 3, 3, 3, 3, 3), (3, 3, 3, 3, 3, 3, 3, 3, 3, 3, 3, 3, 3, 3, 3, 3, 3, 3, 3, 3, 3, 3, 3), (3, 3, 3, 3, 3, 3, 3, 3, 3, 3, 3, 3, 3, 3, 3, 3, 3, 3, 3, 3, 3, 3, 3), (3, 6, 3, 3, 3, 3, 3, 3, 3, 3, 3, 3, 3, 3, 3, 3, 3, 3, 3, 3, 3, 3, 3), (3, 3, 3, 3, 3, 3, 3, 3, 3, 3, 3, 3, 3, 3, 3, 3, 3, 3, 3, 3, 3, 3, 3), (3, 3, 3, 3, 3, 3, 3, 3, 3, 3, 3, 3, 3, 3, 3, 3, 3, 3, 3, 3, 3, 3, 3), (3, 3, 3, 3, 3, 3, 3, 3, 3, 3, 3, 3, 3, 3, 3, 3, 3, 3, 3, 3, 3, 3, 3))
Updated inds: frozenset({(15, 21), (12, 4), (7, 17), (18, 17), (4, 0), (4, 9), (8, 0), (19, 0), (3, 13), (14, 13), (8, 9), (19, 9), (0, 5), (11, 5), (8, 18), (19, 18), (3, 22), (0, 14), (11, 14), (14, 22), (15, 5), (7, 1), (18, 1), (15, 14), (7, 10), (18, 10), (4, 2), (7, 19), (18, 19), (3, 6), (8, 2), (19, 2), (3, 15), (14, 15), (8, 11), (19, 11), (0, 7), (11, 7), (0, 16), (11, 16), (15, 7), (7, 3), (18, 3), (15, 16), (10, 20), (7, 12), (18, 12), (7, 21), (18, 21), (3, 8), (14, 8), (8, 4), (19, 4), (0, 0), (11, 0), (3, 17), (14, 17), (0, 9), (11, 9), (15, 0), (15, 9), (10, 22), (7, 5), (18, 5), (15, 18), (7, 14), (18, 14), (3, 1), (14, 1), (3, 10), (14, 10), (19, 6), (3, 19), (14, 19), (0, 2), (11, 2), (15, 2), (10, 15), (15, 11), (7, 7), (18, 7), (2, 20), (7, 16), (18, 16), (3, 3), (14, 3), (3, 12), (14, 12), (11, 4), (3, 21), (14, 21), (10, 8), (15, 4), (10, 17), (7, 0), (18, 0), (2, 13), (15, 13), (7, 9), (18, 9), (2, 22), (18, 18), (3, 5), (14, 5), (6, 22), (3, 14), (14, 14), (10, 1), (10, 10), (15, 6), (2, 6), (7, 2), (18, 2), (10, 19), (2, 15), (7, 11), (18, 11), (6, 15), (3, 7), (14, 7), (3, 16), (14, 16), (10, 3), (17, 18), (10, 12), (2, 8), (10, 21), (7, 4), (18, 4), (2, 17), (6, 8), (3, 0), (14, 0), (6, 17), (3, 9), (14, 9), (3, 18), (14, 18), (10, 5), (17, 20), (2, 1), (10, 14), (2, 10), (2, 19), (6, 10), (6, 19), (3, 2), (14, 2), (3, 11), (14, 11), (17, 13), (10, 7), (2, 3), (5, 20), (10, 16), (17, 22), (9, 18), (2, 12), (2, 21), (6, 3), (6, 12), (3, 4), (14, 4), (6, 21), (17, 6), (10, 0), (17, 15), (10, 9), (9, 11), (5, 22), (2, 5), (10, 18), (9, 20), (2, 14), (6, 5), (13, 20), (6, 14), (14, 6), (17, 8), (10, 2), (9, 4), (17, 17), (10, 11), (9, 13), (2, 7), (9, 22), (2, 16), (13, 13), (6, 7), (13, 22), (6, 16), (16, 18), (17, 1), (5, 8), (17, 10), (10, 4), (9, 6), (5, 17), (17, 19), (2, 0), (9, 15), (10, 13), (2, 9), (13, 6), (2, 18), (6, 0), (13, 15), (6, 9), (16, 11), (1, 22), (6, 18), (16, 20), (5, 1), (17, 3), (5, 10), (17, 12), (10, 6), (9, 8), (2, 2), (5, 19), (17, 21), (9, 17), (2, 11), (13, 8), (6, 2), (1, 15), (13, 17), (6, 11), (16, 13), (6, 20), (16, 22), (5, 3), (17, 5), (9, 1), (12, 18), (5, 12), (17, 14), (9, 10), (5, 21), (2, 4), (9, 19), (13, 1), (1, 8), (13, 10), (6, 4), (16, 6), (1, 17), (13, 19), (6, 13), (16, 15), (5, 5), (17, 7), (12, 20), (9, 3), (5, 14), (17, 16), (9, 12), (9, 21), (13, 3), (1, 10), (13, 12), (6, 6), (16, 8), (1, 19), (13, 21), (16, 17), (17, 0), (12, 13), (5, 7), (17, 9), (9, 5), (12, 22), (5, 16), (4, 18), (9, 14), (1, 3), (13, 5), (1, 12), (13, 14), (16, 10), (1, 21), (16, 19), (12, 6), (5, 0), (17, 2), (12, 15), (5, 9), (4, 11), (17, 11), (9, 7), (5, 18), (4, 20), (9, 16), (1, 5), (13, 7), (6, 1), (16, 3), (8, 20), (1, 14), (13, 16), (19, 20), (16, 12), (16, 21), (12, 8), (5, 2), (17, 4), (4, 4), (9, 0), (12, 17), (5, 11), (4, 13), (9, 9), (4, 22), (13, 0), (8, 13), (19, 13), (1, 7), (13, 9), (8, 22), (19, 22), (16, 5), (0, 18), (11, 18), (1, 16), (13, 18), (16, 14), (12, 1), (12, 10), (5, 4), (4, 6), (12, 19), (9, 2), (5, 13), (4, 15), (8, 6), (1, 0), (13, 2), (8, 15), (19, 15), (1, 9), (13, 11), (0, 11), (16, 7), (11, 11), (1, 18), (0, 20), (11, 20), (16, 16), (15, 20), (12, 3), (12, 12), (5, 6), (4, 8), (18, 8), (12, 21), (4, 17), (8, 8), (19, 8), (1, 2), (0, 4), (13, 4), (8, 17), (19, 17), (16, 0), (0, 13), (11, 13), (1, 11), (16, 9), (1, 20), (0, 22), (11, 22), (12, 5), (15, 22), (4, 1), (7, 18), (12, 14), (4, 10), (4, 19), (8, 1), (19, 1), (8, 10), (19, 10), (1, 4), (0, 6), (11, 6), (16, 2), (8, 19), (1, 13), (19, 19), (0, 15), (11, 15), (15, 15), (12, 7), (7, 20), (18, 20), (4, 3), (12, 16), (4, 12), (4, 21), (8, 3), (19, 3), (8, 12), (19, 12), (1, 6), (0, 8), (11, 8), (8, 21), (19, 21), (16, 4), (0, 17), (11, 17), (15, 8), (12, 0), (15, 17), (7, 13), (18, 13), (12, 9), (4, 5), (7, 22), (18, 22), (4, 14), (8, 5), (19, 5), (0, 1), (11, 1), (8, 14), (19, 14), (0, 10), (11, 10), (0, 19), (15, 1), (11, 19), (15, 10), (7, 6), (18, 6), (15, 19), (12, 2), (7, 15), (18, 15), (12, 11), (4, 7), (4, 16), (8, 7), (19, 7), (1, 1), (11, 3), (0, 3), (8, 16), (19, 16), (3, 20), (0, 12), (11, 12), (14, 20), (0, 21), (11, 21), (15, 3), (15, 12), (7, 8)})
tr: 2, succ: 2
ino: {(8, (0, 0))}, outo: {(8, (0, 0))}
loc: (3, 2)
oplcd: frozenset({(8, (3, 2))})
oplcdi: frozenset({(3, 2)})
Updated gi: ((3, 3, 3, 3, 3, 3, 3, 3, 3, 3, 3, 3, 3, 3, 3, 3, 3, 3, 3, 3, 3, 3, 3), (3, 3, 3, 3, 3, 3, 3, 3, 3, 3, 3, 3, 3, 3, 3, 3, 3, 3, 3, 3, 3, 3, 3), (3, 3, 3, 3, 3, 3, 3, 3, 3, 3, 3, 3, 3, 3, 3, 3, 3, 3, 3, 3, 3, 3, 3), (3, 3, 8, 3, 3, 3, 3, 3, 3, 3, 3, 3, 3, 3, 3, 3, 3, 3, 3, 3, 3, 3, 3), (3, 3, 3, 3, 3, 3, 3, 3, 3, 3, 3, 3, 3, 3, 3, 3, 3, 3, 3, 3, 3, 3, 3), (3, 3, 3, 3, 3, 3, 3, 3, 3, 3, 3, 3, 3, 3, 3, 8, 3, 3, 3, 3, 3, 3, 3), (3, 3, 3, 3, 3, 3, 3, 3, 3, 3, 3, 3, 3, 3, 3, 3, 3, 3, 3, 3, 3, 3, 3), (3, 3, 3, 3, 3, 3, 3, 3, 3, 3, 3, 3, 3, 3, 3, 3, 3, 3, 3, 3, 3, 3, 3), (3, 3, 3, 3, 3, 3, 3, 3, 3, 3, 3, 3, 3, 3, 3, 3, 3, 3, 3, 3, 3, 3, 3), (3, 3, 3, 3, 3, 3, 3, 3, 3, 3, 3, 3, 3, 3, 3, 3, 3, 3, 3, 3, 3, 3, 3), (3, 3, 3, 3, 3, 3, 3, 3, 3, 3, 3, 3, 3, 3, 3, 3, 3, 3, 3, 3, 3, 3, 3), (3, 3, 3, 3, 3, 3, 3, 3, 3, 3, 3, 3, 3, 3, 3, 3, 3, 3, 3, 3, 3, 3, 3), (3, 3, 3, 3, 3, 3, 3, 3, 3, 3, 3, 3, 3, 3, 3, 3, 3, 3, 3, 3, 3, 3, 3), (3, 3, 3, 3, 3, 3, 3, 3, 3, 3, 3, 3, 3, 3, 3, 3, 3, 3, 3, 3, 3, 3, 3), (3, 3, 3, 3, 3, 3, 3, 3, 3, 3, 3, 3, 3, 3, 3, 3, 3, 3, 3, 3, 3, 3, 3), (3, 3, 3, 3, 3, 3, 3, 3, 3, 3, 3, 3, 3, 3, 3, 3, 3, 3, 3, 3, 3, 3, 3), (3, 6, 3, 3, 3, 3, 3, 3, 3, 3, 3, 3, 3, 3, 3, 3, 3, 3, 3, 3, 3, 3, 3), (3, 3, 3, 3, 3, 3, 3, 3, 3, 3, 3, 3, 3, 3, 3, 3, 3, 3, 3, 3, 3, 3, 3), (3, 3, 3, 3, 3, 3, 3, 3, 3, 3, 3, 3, 3, 3, 3, 3, 3, 3, 3, 3, 3, 3, 3), (3, 3, 3, 3, 3, 3, 3, 3, 3, 3, 3, 3, 3, 3, 3, 3, 3, 3, 3, 3, 3, 3, 3))
Updated inds: frozenset({(15, 21), (12, 4), (7, 17), (18, 17), (4, 0), (4, 9), (8, 0), (19, 0), (3, 13), (14, 13), (8, 9), (19, 9), (0, 5), (11, 5), (8, 18), (19, 18), (3, 22), (0, 14), (11, 14), (14, 22), (15, 5), (7, 1), (18, 1), (15, 14), (7, 10), (18, 10), (4, 2), (7, 19), (18, 19), (3, 6), (8, 2), (19, 2), (3, 15), (14, 15), (8, 11), (19, 11), (0, 7), (11, 7), (0, 16), (11, 16), (15, 7), (7, 3), (18, 3), (15, 16), (10, 20), (7, 12), (18, 12), (7, 21), (18, 21), (3, 8), (14, 8), (8, 4), (19, 4), (0, 0), (11, 0), (3, 17), (14, 17), (0, 9), (11, 9), (15, 0), (15, 9), (10, 22), (7, 5), (18, 5), (15, 18), (7, 14), (18, 14), (3, 1), (14, 1), (3, 10), (14, 10), (19, 6), (3, 19), (14, 19), (0, 2), (11, 2), (15, 2), (10, 15), (15, 11), (7, 7), (18, 7), (2, 20), (7, 16), (18, 16), (3, 3), (14, 3), (3, 12), (14, 12), (11, 4), (3, 21), (14, 21), (10, 8), (15, 4), (10, 17), (7, 0), (18, 0), (2, 13), (15, 13), (7, 9), (18, 9), (2, 22), (18, 18), (3, 5), (14, 5), (6, 22), (3, 14), (14, 14), (10, 1), (10, 10), (15, 6), (2, 6), (7, 2), (18, 2), (10, 19), (2, 15), (7, 8), (7, 11), (18, 11), (6, 15), (3, 7), (14, 7), (3, 16), (14, 16), (10, 3), (17, 18), (10, 12), (2, 8), (10, 21), (7, 4), (18, 4), (2, 17), (6, 8), (3, 0), (14, 0), (6, 17), (3, 9), (14, 9), (3, 18), (14, 18), (10, 5), (17, 20), (2, 1), (10, 14), (2, 10), (2, 19), (6, 10), (6, 19), (14, 2), (3, 11), (14, 11), (17, 13), (10, 7), (2, 3), (5, 20), (10, 16), (17, 22), (9, 18), (2, 12), (2, 21), (6, 3), (6, 12), (3, 4), (14, 4), (6, 21), (17, 6), (10, 0), (17, 15), (10, 9), (9, 11), (5, 22), (2, 5), (10, 18), (9, 20), (2, 14), (6, 5), (13, 20), (6, 14), (14, 6), (17, 8), (10, 2), (9, 4), (17, 17), (10, 11), (9, 13), (2, 7), (9, 22), (2, 16), (13, 13), (6, 7), (13, 22), (6, 16), (16, 18), (17, 1), (5, 8), (17, 10), (10, 4), (9, 6), (5, 17), (17, 19), (2, 0), (9, 15), (10, 13), (2, 9), (13, 6), (2, 18), (6, 0), (13, 15), (6, 9), (16, 11), (1, 22), (6, 18), (16, 20), (5, 1), (17, 3), (5, 10), (17, 12), (10, 6), (9, 8), (2, 2), (5, 19), (17, 21), (9, 17), (2, 11), (13, 8), (6, 2), (1, 15), (13, 17), (6, 11), (16, 13), (6, 20), (16, 22), (5, 3), (17, 5), (9, 1), (12, 18), (5, 12), (17, 14), (9, 10), (5, 21), (2, 4), (9, 19), (13, 1), (1, 8), (13, 10), (6, 4), (16, 6), (1, 17), (13, 19), (6, 13), (16, 15), (5, 5), (17, 7), (12, 20), (9, 3), (5, 14), (17, 16), (9, 12), (9, 21), (13, 3), (1, 10), (13, 12), (6, 6), (16, 8), (1, 19), (13, 21), (16, 17), (17, 0), (12, 13), (5, 7), (17, 9), (9, 5), (12, 22), (5, 16), (4, 18), (9, 14), (1, 3), (13, 5), (1, 12), (13, 14), (16, 10), (1, 21), (16, 19), (12, 6), (5, 0), (17, 2), (12, 15), (5, 9), (4, 11), (17, 11), (9, 7), (5, 18), (4, 20), (9, 16), (1, 5), (13, 7), (6, 1), (16, 3), (8, 20), (1, 14), (13, 16), (19, 20), (16, 12), (16, 21), (12, 8), (5, 2), (17, 4), (4, 4), (9, 0), (12, 17), (5, 11), (4, 13), (9, 9), (4, 22), (13, 0), (8, 13), (19, 13), (1, 7), (13, 9), (8, 22), (19, 22), (16, 5), (0, 18), (11, 18), (1, 16), (13, 18), (16, 14), (12, 1), (12, 10), (5, 4), (4, 6), (12, 19), (9, 2), (5, 13), (4, 15), (8, 6), (1, 0), (13, 2), (8, 15), (19, 15), (1, 9), (13, 11), (0, 11), (16, 7), (11, 11), (1, 18), (0, 20), (11, 20), (16, 16), (15, 20), (12, 3), (12, 12), (5, 6), (4, 8), (12, 21), (4, 17), (8, 8), (19, 8), (1, 2), (0, 4), (13, 4), (8, 17), (19, 17), (16, 0), (0, 13), (11, 13), (1, 11), (16, 9), (1, 20), (0, 22), (11, 22), (12, 5), (15, 22), (4, 1), (7, 18), (12, 14), (4, 10), (4, 19), (8, 1), (19, 1), (8, 10), (19, 10), (1, 4), (0, 6), (11, 6), (16, 2), (8, 19), (1, 13), (19, 19), (0, 15), (11, 15), (15, 15), (12, 7), (7, 20), (18, 20), (4, 3), (12, 16), (4, 12), (4, 21), (8, 3), (19, 3), (8, 12), (19, 12), (1, 6), (0, 8), (11, 8), (8, 21), (19, 21), (16, 4), (0, 17), (11, 17), (15, 8), (12, 0), (15, 17), (7, 13), (18, 13), (12, 9), (4, 5), (7, 22), (18, 22), (4, 14), (8, 5), (19, 5), (0, 1), (11, 1), (8, 14), (19, 14), (0, 10), (11, 10), (0, 19), (15, 1), (11, 19), (15, 10), (7, 6), (18, 6), (15, 19), (12, 2), (7, 15), (18, 15), (12, 11), (4, 7), (4, 16), (8, 7), (19, 7), (1, 1), (11, 3), (0, 3), (8, 16), (19, 16), (3, 20), (0, 12), (11, 12), (14, 20), (0, 21), (11, 21), (15, 3), (15, 12), (18, 8)})
tr: 3, succ: 3
ino: {(8, (0, 0))}, outo: {(8, (0, 0))}
loc: (5, 13)
oplcd: frozenset({(8, (5, 13))})
oplcdi: frozenset({(5, 13)})
Updated gi: ((3, 3, 3, 3, 3, 3, 3, 3, 3, 3, 3, 3, 3, 3, 3, 3, 3, 3, 3, 3, 3, 3, 3), (3, 3, 3, 3, 3, 3, 3, 3, 3, 3, 3, 3, 3, 3, 3, 3, 3, 3, 3, 3, 3, 3, 3), (3, 3, 3, 3, 3, 3, 3, 3, 3, 3, 3, 3, 3, 3, 3, 3, 3, 3, 3, 3, 3, 3, 3), (3, 3, 8, 3, 3, 3, 3, 3, 3, 3, 3, 3, 3, 3, 3, 3, 3, 3, 3, 3, 3, 3, 3), (3, 3, 3, 3, 3, 3, 3, 3, 3, 3, 3, 3, 3, 3, 3, 3, 3, 3, 3, 3, 3, 3, 3), (3, 3, 3, 3, 3, 3, 3, 3, 3, 3, 3, 3, 3, 8, 3, 8, 3, 3, 3, 3, 3, 3, 3), (3, 3, 3, 3, 3, 3, 3, 3, 3, 3, 3, 3, 3, 3, 3, 3, 3, 3, 3, 3, 3, 3, 3), (3, 3, 3, 3, 3, 3, 3, 3, 3, 3, 3, 3, 3, 3, 3, 3, 3, 3, 3, 3, 3, 3, 3), (3, 3, 3, 3, 3, 3, 3, 3, 3, 3, 3, 3, 3, 3, 3, 3, 3, 3, 3, 3, 3, 3, 3), (3, 3, 3, 3, 3, 3, 3, 3, 3, 3, 3, 3, 3, 3, 3, 3, 3, 3, 3, 3, 3, 3, 3), (3, 3, 3, 3, 3, 3, 3, 3, 3, 3, 3, 3, 3, 3, 3, 3, 3, 3, 3, 3, 3, 3, 3), (3, 3, 3, 3, 3, 3, 3, 3, 3, 3, 3, 3, 3, 3, 3, 3, 3, 3, 3, 3, 3, 3, 3), (3, 3, 3, 3, 3, 3, 3, 3, 3, 3, 3, 3, 3, 3, 3, 3, 3, 3, 3, 3, 3, 3, 3), (3, 3, 3, 3, 3, 3, 3, 3, 3, 3, 3, 3, 3, 3, 3, 3, 3, 3, 3, 3, 3, 3, 3), (3, 3, 3, 3, 3, 3, 3, 3, 3, 3, 3, 3, 3, 3, 3, 3, 3, 3, 3, 3, 3, 3, 3), (3, 3, 3, 3, 3, 3, 3, 3, 3, 3, 3, 3, 3, 3, 3, 3, 3, 3, 3, 3, 3, 3, 3), (3, 6, 3, 3, 3, 3, 3, 3, 3, 3, 3, 3, 3, 3, 3, 3, 3, 3, 3, 3, 3, 3, 3), (3, 3, 3, 3, 3, 3, 3, 3, 3, 3, 3, 3, 3, 3, 3, 3, 3, 3, 3, 3, 3, 3, 3), (3, 3, 3, 3, 3, 3, 3, 3, 3, 3, 3, 3, 3, 3, 3, 3, 3, 3, 3, 3, 3, 3, 3), (3, 3, 3, 3, 3, 3, 3, 3, 3, 3, 3, 3, 3, 3, 3, 3, 3, 3, 3, 3, 3, 3, 3))
Updated inds: frozenset({(15, 21), (12, 4), (7, 17), (18, 17), (4, 0), (4, 9), (8, 0), (19, 0), (3, 13), (14, 13), (8, 9), (19, 9), (0, 5), (11, 5), (8, 18), (19, 18), (3, 22), (0, 14), (11, 14), (14, 22), (15, 5), (7, 1), (18, 1), (15, 14), (7, 10), (18, 10), (4, 2), (7, 19), (18, 19), (3, 6), (8, 2), (19, 2), (3, 15), (14, 15), (8, 11), (19, 11), (0, 7), (11, 7), (0, 16), (11, 16), (15, 7), (7, 3), (18, 3), (15, 16), (10, 20), (7, 12), (18, 12), (7, 21), (18, 21), (3, 8), (14, 8), (8, 4), (19, 4), (0, 0), (11, 0), (3, 17), (14, 17), (0, 9), (11, 9), (15, 0), (15, 9), (10, 22), (7, 5), (18, 5), (15, 18), (7, 14), (18, 14), (3, 1), (14, 1), (3, 10), (14, 10), (19, 6), (3, 19), (14, 19), (0, 2), (11, 2), (15, 2), (10, 15), (15, 11), (7, 7), (18, 7), (2, 20), (7, 16), (18, 16), (3, 3), (14, 3), (3, 12), (14, 12), (11, 4), (3, 21), (14, 21), (10, 8), (15, 4), (10, 17), (7, 0), (18, 0), (2, 13), (15, 13), (7, 9), (18, 9), (2, 22), (18, 18), (3, 5), (14, 5), (6, 22), (3, 14), (14, 14), (10, 1), (10, 10), (15, 6), (2, 6), (7, 2), (18, 2), (10, 19), (2, 15), (7, 11), (18, 11), (6, 15), (3, 7), (14, 7), (3, 16), (14, 16), (10, 3), (17, 18), (10, 12), (2, 8), (10, 21), (7, 4), (18, 4), (2, 17), (6, 8), (3, 0), (14, 0), (6, 17), (3, 9), (14, 9), (3, 18), (14, 18), (10, 5), (17, 20), (2, 1), (10, 14), (2, 10), (2, 19), (6, 10), (6, 19), (14, 2), (3, 11), (14, 11), (17, 13), (10, 7), (2, 3), (5, 20), (10, 16), (17, 22), (9, 18), (2, 12), (2, 21), (6, 3), (6, 12), (3, 4), (14, 4), (6, 21), (17, 6), (10, 0), (17, 15), (10, 9), (9, 11), (5, 22), (2, 5), (10, 18), (9, 20), (2, 14), (6, 5), (13, 20), (6, 14), (14, 6), (17, 8), (10, 2), (9, 4), (17, 17), (10, 11), (9, 13), (2, 7), (9, 22), (2, 16), (13, 13), (6, 7), (13, 22), (6, 16), (16, 18), (17, 1), (5, 8), (17, 10), (10, 4), (9, 6), (5, 17), (17, 19), (2, 0), (9, 15), (10, 13), (2, 9), (13, 6), (2, 18), (6, 0), (13, 15), (6, 9), (16, 11), (1, 22), (6, 18), (16, 20), (5, 1), (17, 3), (5, 10), (17, 12), (10, 6), (9, 8), (2, 2), (5, 19), (17, 21), (9, 17), (2, 11), (13, 8), (6, 2), (1, 15), (13, 17), (6, 11), (16, 13), (6, 20), (16, 22), (5, 3), (17, 5), (9, 1), (12, 18), (5, 12), (17, 14), (9, 10), (5, 21), (2, 4), (9, 19), (13, 1), (1, 8), (13, 10), (6, 4), (16, 6), (1, 17), (13, 19), (6, 13), (16, 15), (5, 5), (17, 7), (12, 20), (9, 3), (5, 14), (17, 16), (9, 12), (9, 21), (13, 3), (1, 10), (13, 12), (6, 6), (16, 8), (1, 19), (13, 21), (16, 17), (17, 0), (12, 13), (5, 7), (17, 9), (9, 5), (12, 22), (5, 16), (4, 18), (9, 14), (1, 3), (13, 5), (1, 12), (13, 14), (16, 10), (1, 21), (16, 19), (12, 6), (5, 0), (17, 2), (12, 15), (5, 9), (4, 11), (17, 11), (9, 7), (5, 18), (4, 20), (9, 16), (1, 5), (13, 7), (6, 1), (16, 3), (8, 20), (1, 14), (13, 16), (19, 20), (16, 12), (16, 21), (12, 8), (5, 2), (17, 4), (4, 4), (9, 0), (12, 17), (5, 11), (4, 13), (9, 9), (4, 22), (13, 0), (8, 13), (19, 13), (1, 7), (13, 9), (8, 22), (19, 22), (16, 5), (0, 18), (11, 18), (1, 16), (13, 18), (16, 14), (12, 1), (12, 10), (5, 4), (4, 6), (12, 19), (9, 2), (4, 15), (8, 6), (1, 0), (13, 2), (8, 15), (19, 15), (1, 9), (13, 11), (0, 11), (16, 7), (11, 11), (1, 18), (0, 20), (11, 20), (16, 16), (15, 20), (12, 3), (12, 12), (5, 6), (4, 8), (18, 8), (12, 21), (4, 17), (8, 8), (19, 8), (1, 2), (0, 4), (13, 4), (8, 17), (19, 17), (16, 0), (0, 13), (11, 13), (1, 11), (16, 9), (1, 20), (0, 22), (11, 22), (12, 5), (15, 22), (4, 1), (7, 18), (12, 14), (4, 10), (4, 19), (8, 1), (19, 1), (8, 10), (19, 10), (1, 4), (0, 6), (11, 6), (16, 2), (8, 19), (1, 13), (19, 19), (0, 15), (11, 15), (15, 15), (12, 7), (7, 20), (18, 20), (4, 3), (12, 16), (4, 12), (4, 21), (8, 3), (19, 3), (8, 12), (19, 12), (1, 6), (0, 8), (11, 8), (8, 21), (19, 21), (16, 4), (0, 17), (11, 17), (15, 8), (12, 0), (15, 17), (7, 13), (18, 13), (12, 9), (4, 5), (7, 22), (18, 22), (4, 14), (8, 5), (19, 5), (0, 1), (11, 1), (8, 14), (19, 14), (0, 10), (11, 10), (0, 19), (15, 1), (11, 19), (15, 10), (7, 6), (18, 6), (15, 19), (12, 2), (7, 15), (18, 15), (12, 11), (4, 7), (4, 16), (8, 7), (19, 7), (1, 1), (11, 3), (0, 3), (8, 16), (19, 16), (3, 20), (0, 12), (11, 12), (14, 20), (0, 21), (11, 21), (15, 3), (15, 12), (7, 8)})
tr: 4, succ: 4
ino: {(2, (1, 1))}, outo: {(4, (2, 0)), (4, (2, 2)), (4, (0, 2)), (2, (1, 1)), (4, (0, 0))}
loc: (19, 12)
oplcd: frozenset({(4, (21, 12)), (2, (20, 13)), (4, (21, 14)), (4, (19, 12)), (4, (19, 14))})
oplcdi: frozenset({(19, 14), (20, 13), (21, 12), (19, 12), (21, 14)})
tr: 5, succ: 4
ino: {(2, (1, 1))}, outo: {(4, (2, 0)), (4, (2, 2)), (4, (0, 2)), (2, (1, 1)), (4, (0, 0))}
loc: (18, 9)
oplcd: frozenset({(2, (19, 10)), (4, (20, 11)), (4, (18, 9)), (4, (18, 11)), (4, (20, 9))})
oplcdi: frozenset({(20, 11), (19, 10), (18, 9), (20, 9), (18, 11)})
tr: 6, succ: 4
ino: {(2, (1, 1))}, outo: {(4, (2, 0)), (4, (2, 2)), (4, (0, 2)), (2, (1, 1)), (4, (0, 0))}
loc: (15, 14)
oplcd: frozenset({(4, (15, 16)), (4, (15, 14)), (4, (17, 16)), (2, (16, 15)), (4, (17, 14))})
oplcdi: frozenset({(15, 14), (17, 16), (15, 16), (16, 15), (17, 14)})
Updated gi: ((3, 3, 3, 3, 3, 3, 3, 3, 3, 3, 3, 3, 3, 3, 3, 3, 3, 3, 3, 3, 3, 3, 3), (3, 3, 3, 3, 3, 3, 3, 3, 3, 3, 3, 3, 3, 3, 3, 3, 3, 3, 3, 3, 3, 3, 3), (3, 3, 3, 3, 3, 3, 3, 3, 3, 3, 3, 3, 3, 3, 3, 3, 3, 3, 3, 3, 3, 3, 3), (3, 3, 8, 3, 3, 3, 3, 3, 3, 3, 3, 3, 3, 3, 3, 3, 3, 3, 3, 3, 3, 3, 3), (3, 3, 3, 3, 3, 3, 3, 3, 3, 3, 3, 3, 3, 3, 3, 3, 3, 3, 3, 3, 3, 3, 3), (3, 3, 3, 3, 3, 3, 3, 3, 3, 3, 3, 3, 3, 8, 3, 8, 3, 3, 3, 3, 3, 3, 3), (3, 3, 3, 3, 3, 3, 3, 3, 3, 3, 3, 3, 3, 3, 3, 3, 3, 3, 3, 3, 3, 3, 3), (3, 3, 3, 3, 3, 3, 3, 3, 3, 3, 3, 3, 3, 3, 3, 3, 3, 3, 3, 3, 3, 3, 3), (3, 3, 3, 3, 3, 3, 3, 3, 3, 3, 3, 3, 3, 3, 3, 3, 3, 3, 3, 3, 3, 3, 3), (3, 3, 3, 3, 3, 3, 3, 3, 3, 3, 3, 3, 3, 3, 3, 3, 3, 3, 3, 3, 3, 3, 3), (3, 3, 3, 3, 3, 3, 3, 3, 3, 3, 3, 3, 3, 3, 3, 3, 3, 3, 3, 3, 3, 3, 3), (3, 3, 3, 3, 3, 3, 3, 3, 3, 3, 3, 3, 3, 3, 3, 3, 3, 3, 3, 3, 3, 3, 3), (3, 3, 3, 3, 3, 3, 3, 3, 3, 3, 3, 3, 3, 3, 3, 3, 3, 3, 3, 3, 3, 3, 3), (3, 3, 3, 3, 3, 3, 3, 3, 3, 3, 3, 3, 3, 3, 3, 3, 3, 3, 3, 3, 3, 3, 3), (3, 3, 3, 3, 3, 3, 3, 3, 3, 3, 3, 3, 3, 3, 3, 3, 3, 3, 3, 3, 3, 3, 3), (3, 3, 3, 3, 3, 3, 3, 3, 3, 3, 3, 3, 3, 3, 3, 3, 3, 3, 3, 3, 3, 3, 3), (3, 6, 3, 3, 3, 3, 3, 3, 3, 3, 3, 3, 3, 3, 3, 2, 3, 3, 3, 3, 3, 3, 3), (3, 3, 3, 3, 3, 3, 3, 3, 3, 3, 3, 3, 3, 3, 3, 3, 3, 3, 3, 3, 3, 3, 3), (3, 3, 3, 3, 3, 3, 3, 3, 3, 3, 3, 3, 3, 3, 3, 3, 3, 3, 3, 3, 3, 3, 3), (3, 3, 3, 3, 3, 3, 3, 3, 3, 3, 3, 3, 3, 3, 3, 3, 3, 3, 3, 3, 3, 3, 3))
Updated inds: frozenset({(15, 21), (12, 4), (7, 17), (18, 17), (4, 0), (4, 9), (8, 0), (19, 0), (3, 13), (14, 13), (8, 9), (19, 9), (0, 5), (11, 5), (8, 18), (19, 18), (3, 22), (0, 14), (11, 14), (14, 22), (15, 5), (7, 1), (18, 1), (7, 10), (18, 10), (4, 2), (7, 19), (18, 19), (3, 6), (8, 2), (19, 2), (3, 15), (14, 15), (8, 11), (19, 11), (0, 7), (11, 7), (0, 16), (11, 16), (15, 7), (7, 3), (18, 3), (10, 20), (7, 12), (18, 12), (7, 21), (18, 21), (3, 8), (14, 8), (8, 4), (19, 4), (0, 0), (11, 0), (3, 17), (14, 17), (0, 9), (11, 9), (15, 0), (15, 9), (10, 22), (7, 5), (18, 5), (15, 18), (7, 14), (18, 14), (3, 1), (14, 1), (3, 10), (14, 10), (19, 6), (3, 19), (14, 19), (0, 2), (11, 2), (15, 2), (10, 15), (15, 11), (7, 7), (18, 7), (2, 20), (7, 16), (18, 16), (3, 3), (14, 3), (3, 12), (14, 12), (11, 4), (3, 21), (14, 21), (10, 8), (15, 4), (10, 17), (7, 0), (18, 0), (2, 13), (15, 13), (7, 9), (18, 9), (2, 22), (18, 18), (3, 5), (14, 5), (6, 22), (3, 14), (14, 14), (10, 1), (10, 10), (15, 6), (2, 6), (7, 2), (18, 2), (10, 19), (2, 15), (7, 8), (7, 11), (18, 11), (6, 15), (3, 7), (14, 7), (3, 16), (14, 16), (10, 3), (17, 18), (10, 12), (2, 8), (10, 21), (7, 4), (18, 4), (2, 17), (6, 8), (3, 0), (14, 0), (6, 17), (3, 9), (14, 9), (3, 18), (14, 18), (10, 5), (17, 20), (2, 1), (10, 14), (2, 10), (2, 19), (6, 10), (6, 19), (14, 2), (3, 11), (14, 11), (17, 13), (10, 7), (2, 3), (5, 20), (10, 16), (17, 22), (9, 18), (2, 12), (2, 21), (6, 3), (6, 12), (3, 4), (14, 4), (6, 21), (17, 6), (10, 0), (17, 15), (10, 9), (9, 11), (5, 22), (2, 5), (10, 18), (9, 20), (2, 14), (6, 5), (13, 20), (6, 14), (14, 6), (17, 8), (10, 2), (9, 4), (17, 17), (10, 11), (9, 13), (2, 7), (9, 22), (2, 16), (13, 13), (6, 7), (13, 22), (6, 16), (16, 18), (17, 1), (5, 8), (17, 10), (10, 4), (9, 6), (5, 17), (17, 19), (2, 0), (9, 15), (10, 13), (2, 9), (13, 6), (2, 18), (6, 0), (13, 15), (6, 9), (16, 11), (1, 22), (6, 18), (16, 20), (5, 1), (17, 3), (5, 10), (17, 12), (10, 6), (9, 8), (2, 2), (5, 19), (17, 21), (9, 17), (2, 11), (13, 8), (6, 2), (1, 15), (13, 17), (6, 11), (16, 13), (6, 20), (16, 22), (5, 3), (17, 5), (9, 1), (12, 18), (5, 12), (9, 10), (5, 21), (2, 4), (9, 19), (13, 1), (1, 8), (13, 10), (6, 4), (16, 6), (1, 17), (13, 19), (6, 13), (5, 5), (17, 7), (12, 20), (9, 3), (5, 14), (9, 12), (9, 21), (13, 3), (1, 10), (13, 12), (6, 6), (16, 8), (1, 19), (13, 21), (16, 17), (17, 0), (12, 13), (5, 7), (17, 9), (9, 5), (12, 22), (5, 16), (4, 18), (9, 14), (1, 3), (13, 5), (1, 12), (13, 14), (16, 10), (1, 21), (16, 19), (12, 6), (5, 0), (17, 2), (12, 15), (5, 9), (4, 11), (17, 11), (9, 7), (5, 18), (4, 20), (9, 16), (1, 5), (13, 7), (6, 1), (16, 3), (8, 20), (1, 14), (13, 16), (19, 20), (16, 12), (16, 21), (12, 8), (5, 2), (17, 4), (4, 4), (9, 0), (12, 17), (5, 11), (4, 13), (9, 9), (4, 22), (13, 0), (8, 13), (19, 13), (1, 7), (13, 9), (8, 22), (19, 22), (16, 5), (0, 18), (11, 18), (1, 16), (13, 18), (16, 14), (12, 1), (12, 10), (5, 4), (4, 6), (12, 19), (9, 2), (4, 15), (8, 6), (1, 0), (13, 2), (8, 15), (19, 15), (1, 9), (13, 11), (0, 11), (16, 7), (11, 11), (1, 18), (0, 20), (11, 20), (16, 16), (15, 20), (12, 3), (12, 12), (5, 6), (4, 8), (12, 21), (4, 17), (8, 8), (19, 8), (1, 2), (0, 4), (13, 4), (8, 17), (19, 17), (16, 0), (0, 13), (11, 13), (1, 11), (16, 9), (1, 20), (0, 22), (11, 22), (12, 5), (15, 22), (4, 1), (7, 18), (12, 14), (4, 10), (4, 19), (8, 1), (19, 1), (8, 10), (19, 10), (1, 4), (0, 6), (11, 6), (16, 2), (8, 19), (1, 13), (19, 19), (0, 15), (11, 15), (15, 15), (12, 7), (7, 20), (18, 20), (4, 3), (12, 16), (4, 12), (4, 21), (8, 3), (19, 3), (8, 12), (19, 12), (1, 6), (0, 8), (11, 8), (8, 21), (19, 21), (16, 4), (0, 17), (11, 17), (15, 8), (12, 0), (15, 17), (7, 13), (18, 13), (12, 9), (4, 5), (7, 22), (18, 22), (4, 14), (8, 5), (19, 5), (0, 1), (11, 1), (8, 14), (19, 14), (0, 10), (11, 10), (0, 19), (15, 1), (11, 19), (15, 10), (7, 6), (18, 6), (15, 19), (12, 2), (7, 15), (18, 15), (12, 11), (4, 7), (4, 16), (8, 7), (19, 7), (1, 1), (11, 3), (0, 3), (8, 16), (19, 16), (3, 20), (0, 12), (11, 12), (14, 20), (0, 21), (11, 21), (15, 3), (15, 12), (18, 8)})
tr: 7, succ: 5
ino: {(8, (0, 0))}, outo: {(8, (0, 0))}
loc: (8, 1)
oplcd: frozenset({(8, (8, 1))})
oplcdi: frozenset({(8, 1)})
Updated gi: ((3, 3, 3, 3, 3, 3, 3, 3, 3, 3, 3, 3, 3, 3, 3, 3, 3, 3, 3, 3, 3, 3, 3), (3, 3, 3, 3, 3, 3, 3, 3, 3, 3, 3, 3, 3, 3, 3, 3, 3, 3, 3, 3, 3, 3, 3), (3, 3, 3, 3, 3, 3, 3, 3, 3, 3, 3, 3, 3, 3, 3, 3, 3, 3, 3, 3, 3, 3, 3), (3, 3, 8, 3, 3, 3, 3, 3, 3, 3, 3, 3, 3, 3, 3, 3, 3, 3, 3, 3, 3, 3, 3), (3, 3, 3, 3, 3, 3, 3, 3, 3, 3, 3, 3, 3, 3, 3, 3, 3, 3, 3, 3, 3, 3, 3), (3, 3, 3, 3, 3, 3, 3, 3, 3, 3, 3, 3, 3, 8, 3, 8, 3, 3, 3, 3, 3, 3, 3), (3, 3, 3, 3, 3, 3, 3, 3, 3, 3, 3, 3, 3, 3, 3, 3, 3, 3, 3, 3, 3, 3, 3), (3, 3, 3, 3, 3, 3, 3, 3, 3, 3, 3, 3, 3, 3, 3, 3, 3, 3, 3, 3, 3, 3, 3), (3, 8, 3, 3, 3, 3, 3, 3, 3, 3, 3, 3, 3, 3, 3, 3, 3, 3, 3, 3, 3, 3, 3), (3, 3, 3, 3, 3, 3, 3, 3, 3, 3, 3, 3, 3, 3, 3, 3, 3, 3, 3, 3, 3, 3, 3), (3, 3, 3, 3, 3, 3, 3, 3, 3, 3, 3, 3, 3, 3, 3, 3, 3, 3, 3, 3, 3, 3, 3), (3, 3, 3, 3, 3, 3, 3, 3, 3, 3, 3, 3, 3, 3, 3, 3, 3, 3, 3, 3, 3, 3, 3), (3, 3, 3, 3, 3, 3, 3, 3, 3, 3, 3, 3, 3, 3, 3, 3, 3, 3, 3, 3, 3, 3, 3), (3, 3, 3, 3, 3, 3, 3, 3, 3, 3, 3, 3, 3, 3, 3, 3, 3, 3, 3, 3, 3, 3, 3), (3, 3, 3, 3, 3, 3, 3, 3, 3, 3, 3, 3, 3, 3, 3, 3, 3, 3, 3, 3, 3, 3, 3), (3, 3, 3, 3, 3, 3, 3, 3, 3, 3, 3, 3, 3, 3, 3, 3, 3, 3, 3, 3, 3, 3, 3), (3, 6, 3, 3, 3, 3, 3, 3, 3, 3, 3, 3, 3, 3, 3, 2, 3, 3, 3, 3, 3, 3, 3), (3, 3, 3, 3, 3, 3, 3, 3, 3, 3, 3, 3, 3, 3, 3, 3, 3, 3, 3, 3, 3, 3, 3), (3, 3, 3, 3, 3, 3, 3, 3, 3, 3, 3, 3, 3, 3, 3, 3, 3, 3, 3, 3, 3, 3, 3), (3, 3, 3, 3, 3, 3, 3, 3, 3, 3, 3, 3, 3, 3, 3, 3, 3, 3, 3, 3, 3, 3, 3))
Updated inds: frozenset({(15, 21), (12, 4), (7, 17), (18, 17), (4, 0), (4, 9), (8, 0), (19, 0), (3, 13), (14, 13), (8, 9), (19, 9), (0, 5), (11, 5), (8, 18), (19, 18), (3, 22), (0, 14), (11, 14), (14, 22), (15, 5), (7, 1), (18, 1), (7, 10), (18, 10), (4, 2), (7, 19), (18, 19), (3, 6), (8, 2), (19, 2), (3, 15), (14, 15), (8, 11), (19, 11), (0, 7), (11, 7), (0, 16), (11, 16), (15, 7), (7, 3), (18, 3), (10, 20), (7, 12), (18, 12), (7, 21), (18, 21), (3, 8), (14, 8), (8, 4), (19, 4), (0, 0), (11, 0), (3, 17), (14, 17), (0, 9), (11, 9), (15, 0), (15, 9), (10, 22), (7, 5), (18, 5), (15, 18), (7, 14), (18, 14), (3, 1), (14, 1), (3, 10), (14, 10), (19, 6), (3, 19), (14, 19), (0, 2), (11, 2), (15, 2), (10, 15), (15, 11), (7, 7), (18, 7), (2, 20), (7, 16), (18, 16), (3, 3), (14, 3), (3, 12), (14, 12), (11, 4), (3, 21), (14, 21), (10, 8), (15, 4), (10, 17), (7, 0), (18, 0), (2, 13), (15, 13), (7, 9), (18, 9), (2, 22), (18, 18), (3, 5), (14, 5), (6, 22), (3, 14), (14, 14), (10, 1), (10, 10), (15, 6), (2, 6), (7, 2), (18, 2), (10, 19), (2, 15), (7, 11), (18, 11), (6, 15), (3, 7), (14, 7), (3, 16), (14, 16), (10, 3), (17, 18), (10, 12), (2, 8), (10, 21), (7, 4), (18, 4), (2, 17), (6, 8), (3, 0), (14, 0), (6, 17), (3, 9), (14, 9), (3, 18), (14, 18), (10, 5), (17, 20), (2, 1), (10, 14), (2, 10), (2, 19), (6, 10), (6, 19), (14, 2), (3, 11), (14, 11), (17, 13), (10, 7), (2, 3), (5, 20), (10, 16), (17, 22), (9, 18), (2, 12), (2, 21), (6, 3), (6, 12), (3, 4), (14, 4), (6, 21), (17, 6), (10, 0), (17, 15), (10, 9), (9, 11), (5, 22), (2, 5), (10, 18), (9, 20), (2, 14), (6, 5), (13, 20), (6, 14), (14, 6), (17, 8), (10, 2), (9, 4), (17, 17), (10, 11), (9, 13), (2, 7), (9, 22), (2, 16), (13, 13), (6, 7), (13, 22), (6, 16), (16, 18), (17, 1), (5, 8), (17, 10), (10, 4), (9, 6), (5, 17), (17, 19), (2, 0), (9, 15), (10, 13), (2, 9), (13, 6), (2, 18), (6, 0), (13, 15), (6, 9), (16, 11), (1, 22), (6, 18), (16, 20), (5, 1), (17, 3), (5, 10), (17, 12), (10, 6), (9, 8), (2, 2), (5, 19), (17, 21), (9, 17), (2, 11), (13, 8), (6, 2), (1, 15), (13, 17), (6, 11), (16, 13), (6, 20), (16, 22), (5, 3), (17, 5), (9, 1), (12, 18), (5, 12), (9, 10), (5, 21), (2, 4), (9, 19), (13, 1), (1, 8), (13, 10), (6, 4), (16, 6), (1, 17), (13, 19), (6, 13), (5, 5), (17, 7), (12, 20), (9, 3), (5, 14), (9, 12), (9, 21), (13, 3), (1, 10), (13, 12), (6, 6), (16, 8), (1, 19), (13, 21), (16, 17), (17, 0), (12, 13), (5, 7), (17, 9), (9, 5), (12, 22), (5, 16), (4, 18), (9, 14), (1, 3), (13, 5), (1, 12), (13, 14), (16, 10), (1, 21), (16, 19), (12, 6), (5, 0), (17, 2), (12, 15), (5, 9), (4, 11), (17, 11), (9, 7), (5, 18), (4, 20), (9, 16), (1, 5), (13, 7), (6, 1), (16, 3), (8, 20), (1, 14), (13, 16), (19, 20), (16, 12), (16, 21), (12, 8), (5, 2), (17, 4), (4, 4), (9, 0), (12, 17), (5, 11), (4, 13), (9, 9), (4, 22), (13, 0), (8, 13), (19, 13), (1, 7), (13, 9), (8, 22), (19, 22), (16, 5), (0, 18), (11, 18), (1, 16), (13, 18), (16, 14), (12, 1), (12, 10), (5, 4), (4, 6), (12, 19), (9, 2), (4, 15), (8, 6), (1, 0), (13, 2), (8, 15), (19, 15), (1, 9), (13, 11), (0, 11), (16, 7), (11, 11), (1, 18), (0, 20), (11, 20), (16, 16), (15, 20), (12, 3), (12, 12), (5, 6), (4, 8), (18, 8), (12, 21), (4, 17), (8, 8), (19, 8), (1, 2), (0, 4), (13, 4), (8, 17), (19, 17), (16, 0), (0, 13), (11, 13), (1, 11), (16, 9), (1, 20), (0, 22), (11, 22), (12, 5), (15, 22), (4, 1), (7, 18), (12, 14), (4, 10), (4, 19), (19, 1), (8, 10), (19, 10), (1, 4), (0, 6), (11, 6), (16, 2), (8, 19), (1, 13), (19, 19), (0, 15), (11, 15), (15, 15), (12, 7), (7, 20), (18, 20), (4, 3), (12, 16), (4, 12), (4, 21), (8, 3), (19, 3), (8, 12), (19, 12), (1, 6), (0, 8), (11, 8), (8, 21), (19, 21), (16, 4), (0, 17), (11, 17), (15, 8), (12, 0), (15, 17), (7, 13), (18, 13), (12, 9), (4, 5), (7, 22), (18, 22), (4, 14), (8, 5), (19, 5), (0, 1), (11, 1), (8, 14), (19, 14), (0, 10), (11, 10), (0, 19), (15, 1), (11, 19), (15, 10), (7, 6), (18, 6), (15, 19), (12, 2), (7, 15), (18, 15), (12, 11), (4, 7), (4, 16), (8, 7), (19, 7), (1, 1), (11, 3), (0, 3), (8, 16), (19, 16), (3, 20), (0, 12), (11, 12), (14, 20), (0, 21), (11, 21), (15, 3), (15, 12), (7, 8)})
tr: 8, succ: 6
ino: {(6, (0, 0))}, outo: {(6, (0, 0))}
loc: (6, 14)
oplcd: frozenset({(6, (6, 14))})
oplcdi: frozenset({(6, 14)})
Updated gi: ((3, 3, 3, 3, 3, 3, 3, 3, 3, 3, 3, 3, 3, 3, 3, 3, 3, 3, 3, 3, 3, 3, 3), (3, 3, 3, 3, 3, 3, 3, 3, 3, 3, 3, 3, 3, 3, 3, 3, 3, 3, 3, 3, 3, 3, 3), (3, 3, 3, 3, 3, 3, 3, 3, 3, 3, 3, 3, 3, 3, 3, 3, 3, 3, 3, 3, 3, 3, 3), (3, 3, 8, 3, 3, 3, 3, 3, 3, 3, 3, 3, 3, 3, 3, 3, 3, 3, 3, 3, 3, 3, 3), (3, 3, 3, 3, 3, 3, 3, 3, 3, 3, 3, 3, 3, 3, 3, 3, 3, 3, 3, 3, 3, 3, 3), (3, 3, 3, 3, 3, 3, 3, 3, 3, 3, 3, 3, 3, 8, 3, 8, 3, 3, 3, 3, 3, 3, 3), (3, 3, 3, 3, 3, 3, 3, 3, 3, 3, 3, 3, 3, 3, 6, 3, 3, 3, 3, 3, 3, 3, 3), (3, 3, 3, 3, 3, 3, 3, 3, 3, 3, 3, 3, 3, 3, 3, 3, 3, 3, 3, 3, 3, 3, 3), (3, 8, 3, 3, 3, 3, 3, 3, 3, 3, 3, 3, 3, 3, 3, 3, 3, 3, 3, 3, 3, 3, 3), (3, 3, 3, 3, 3, 3, 3, 3, 3, 3, 3, 3, 3, 3, 3, 3, 3, 3, 3, 3, 3, 3, 3), (3, 3, 3, 3, 3, 3, 3, 3, 3, 3, 3, 3, 3, 3, 3, 3, 3, 3, 3, 3, 3, 3, 3), (3, 3, 3, 3, 3, 3, 3, 3, 3, 3, 3, 3, 3, 3, 3, 3, 3, 3, 3, 3, 3, 3, 3), (3, 3, 3, 3, 3, 3, 3, 3, 3, 3, 3, 3, 3, 3, 3, 3, 3, 3, 3, 3, 3, 3, 3), (3, 3, 3, 3, 3, 3, 3, 3, 3, 3, 3, 3, 3, 3, 3, 3, 3, 3, 3, 3, 3, 3, 3), (3, 3, 3, 3, 3, 3, 3, 3, 3, 3, 3, 3, 3, 3, 3, 3, 3, 3, 3, 3, 3, 3, 3), (3, 3, 3, 3, 3, 3, 3, 3, 3, 3, 3, 3, 3, 3, 3, 3, 3, 3, 3, 3, 3, 3, 3), (3, 6, 3, 3, 3, 3, 3, 3, 3, 3, 3, 3, 3, 3, 3, 2, 3, 3, 3, 3, 3, 3, 3), (3, 3, 3, 3, 3, 3, 3, 3, 3, 3, 3, 3, 3, 3, 3, 3, 3, 3, 3, 3, 3, 3, 3), (3, 3, 3, 3, 3, 3, 3, 3, 3, 3, 3, 3, 3, 3, 3, 3, 3, 3, 3, 3, 3, 3, 3), (3, 3, 3, 3, 3, 3, 3, 3, 3, 3, 3, 3, 3, 3, 3, 3, 3, 3, 3, 3, 3, 3, 3))
Updated inds: frozenset({(15, 21), (12, 4), (7, 17), (18, 17), (4, 0), (4, 9), (8, 0), (19, 0), (3, 13), (14, 13), (8, 9), (19, 9), (0, 5), (11, 5), (8, 18), (19, 18), (3, 22), (0, 14), (11, 14), (14, 22), (15, 5), (7, 1), (18, 1), (7, 10), (18, 10), (4, 2), (7, 19), (18, 19), (3, 6), (8, 2), (19, 2), (3, 15), (14, 15), (8, 11), (19, 11), (0, 7), (11, 7), (0, 16), (11, 16), (15, 7), (7, 3), (18, 3), (10, 20), (7, 12), (18, 12), (7, 21), (18, 21), (3, 8), (14, 8), (8, 4), (19, 4), (0, 0), (11, 0), (3, 17), (14, 17), (0, 9), (11, 9), (15, 0), (15, 9), (10, 22), (7, 5), (18, 5), (15, 18), (7, 14), (18, 14), (3, 1), (14, 1), (3, 10), (14, 10), (19, 6), (3, 19), (14, 19), (0, 2), (11, 2), (15, 2), (10, 15), (15, 11), (7, 7), (18, 7), (2, 20), (7, 16), (18, 16), (3, 3), (14, 3), (3, 12), (14, 12), (11, 4), (3, 21), (14, 21), (10, 8), (15, 4), (10, 17), (7, 0), (18, 0), (2, 13), (15, 13), (7, 9), (18, 9), (2, 22), (18, 18), (3, 5), (14, 5), (6, 22), (3, 14), (14, 14), (10, 1), (10, 10), (15, 6), (2, 6), (7, 2), (18, 2), (10, 19), (2, 15), (7, 8), (7, 11), (18, 11), (6, 15), (3, 7), (14, 7), (3, 16), (14, 16), (10, 3), (17, 18), (10, 12), (2, 8), (10, 21), (7, 4), (18, 4), (2, 17), (6, 8), (3, 0), (14, 0), (6, 17), (3, 9), (14, 9), (3, 18), (14, 18), (10, 5), (17, 20), (2, 1), (10, 14), (2, 10), (2, 19), (6, 10), (6, 19), (14, 2), (3, 11), (14, 11), (17, 13), (10, 7), (2, 3), (5, 20), (10, 16), (17, 22), (9, 18), (2, 12), (2, 21), (6, 3), (6, 12), (3, 4), (14, 4), (6, 21), (17, 6), (10, 0), (17, 15), (10, 9), (9, 11), (5, 22), (2, 5), (10, 18), (9, 20), (2, 14), (6, 5), (13, 20), (14, 6), (17, 8), (10, 2), (9, 4), (17, 17), (10, 11), (9, 13), (2, 7), (9, 22), (2, 16), (13, 13), (6, 7), (13, 22), (6, 16), (16, 18), (17, 1), (5, 8), (17, 10), (10, 4), (9, 6), (5, 17), (17, 19), (2, 0), (9, 15), (10, 13), (2, 9), (13, 6), (2, 18), (6, 0), (13, 15), (6, 9), (16, 11), (1, 22), (6, 18), (16, 20), (5, 1), (17, 3), (5, 10), (17, 12), (10, 6), (9, 8), (2, 2), (5, 19), (17, 21), (9, 17), (2, 11), (13, 8), (6, 2), (1, 15), (13, 17), (6, 11), (16, 13), (6, 20), (16, 22), (5, 3), (17, 5), (9, 1), (12, 18), (5, 12), (9, 10), (5, 21), (2, 4), (9, 19), (13, 1), (1, 8), (13, 10), (6, 4), (16, 6), (1, 17), (13, 19), (6, 13), (5, 5), (17, 7), (12, 20), (9, 3), (5, 14), (9, 12), (9, 21), (13, 3), (1, 10), (13, 12), (6, 6), (16, 8), (1, 19), (13, 21), (16, 17), (17, 0), (12, 13), (5, 7), (17, 9), (9, 5), (12, 22), (5, 16), (4, 18), (9, 14), (1, 3), (13, 5), (1, 12), (13, 14), (16, 10), (1, 21), (16, 19), (12, 6), (5, 0), (17, 2), (12, 15), (5, 9), (4, 11), (17, 11), (9, 7), (5, 18), (4, 20), (9, 16), (1, 5), (13, 7), (6, 1), (16, 3), (8, 20), (1, 14), (13, 16), (19, 20), (16, 12), (16, 21), (12, 8), (5, 2), (17, 4), (4, 4), (9, 0), (12, 17), (5, 11), (4, 13), (9, 9), (4, 22), (13, 0), (8, 13), (19, 13), (1, 7), (13, 9), (8, 22), (19, 22), (16, 5), (0, 18), (11, 18), (1, 16), (13, 18), (16, 14), (12, 1), (12, 10), (5, 4), (4, 6), (12, 19), (9, 2), (4, 15), (8, 6), (1, 0), (13, 2), (8, 15), (19, 15), (1, 9), (13, 11), (0, 11), (16, 7), (11, 11), (1, 18), (0, 20), (11, 20), (16, 16), (15, 20), (12, 3), (12, 12), (5, 6), (4, 8), (12, 21), (4, 17), (8, 8), (19, 8), (1, 2), (0, 4), (13, 4), (8, 17), (19, 17), (16, 0), (0, 13), (11, 13), (1, 11), (16, 9), (1, 20), (0, 22), (11, 22), (12, 5), (15, 22), (4, 1), (7, 18), (12, 14), (4, 10), (4, 19), (19, 1), (8, 10), (19, 10), (1, 4), (0, 6), (11, 6), (16, 2), (8, 19), (1, 13), (19, 19), (0, 15), (11, 15), (15, 15), (12, 7), (7, 20), (18, 20), (4, 3), (12, 16), (4, 12), (4, 21), (8, 3), (19, 3), (8, 12), (19, 12), (1, 6), (0, 8), (11, 8), (8, 21), (19, 21), (16, 4), (0, 17), (11, 17), (15, 8), (12, 0), (15, 17), (7, 13), (18, 13), (12, 9), (4, 5), (7, 22), (18, 22), (4, 14), (8, 5), (19, 5), (0, 1), (11, 1), (8, 14), (19, 14), (0, 10), (11, 10), (0, 19), (15, 1), (11, 19), (15, 10), (7, 6), (18, 6), (15, 19), (12, 2), (7, 15), (18, 15), (12, 11), (4, 7), (4, 16), (8, 7), (19, 7), (1, 1), (11, 3), (0, 3), (8, 16), (19, 16), (3, 20), (0, 12), (11, 12), (14, 20), (0, 21), (11, 21), (15, 3), (15, 12), (18, 8)})
tr: 9, succ: 7
ino: {(6, (0, 0))}, outo: {(6, (0, 0))}
loc: (1, 21)
oplcd: frozenset({(6, (1, 21))})
oplcdi: frozenset({(1, 21)})
Updated gi: ((3, 3, 3, 3, 3, 3, 3, 3, 3, 3, 3, 3, 3, 3, 3, 3, 3, 3, 3, 3, 3, 3, 3), (3, 3, 3, 3, 3, 3, 3, 3, 3, 3, 3, 3, 3, 3, 3, 3, 3, 3, 3, 3, 3, 6, 3), (3, 3, 3, 3, 3, 3, 3, 3, 3, 3, 3, 3, 3, 3, 3, 3, 3, 3, 3, 3, 3, 3, 3), (3, 3, 8, 3, 3, 3, 3, 3, 3, 3, 3, 3, 3, 3, 3, 3, 3, 3, 3, 3, 3, 3, 3), (3, 3, 3, 3, 3, 3, 3, 3, 3, 3, 3, 3, 3, 3, 3, 3, 3, 3, 3, 3, 3, 3, 3), (3, 3, 3, 3, 3, 3, 3, 3, 3, 3, 3, 3, 3, 8, 3, 8, 3, 3, 3, 3, 3, 3, 3), (3, 3, 3, 3, 3, 3, 3, 3, 3, 3, 3, 3, 3, 3, 6, 3, 3, 3, 3, 3, 3, 3, 3), (3, 3, 3, 3, 3, 3, 3, 3, 3, 3, 3, 3, 3, 3, 3, 3, 3, 3, 3, 3, 3, 3, 3), (3, 8, 3, 3, 3, 3, 3, 3, 3, 3, 3, 3, 3, 3, 3, 3, 3, 3, 3, 3, 3, 3, 3), (3, 3, 3, 3, 3, 3, 3, 3, 3, 3, 3, 3, 3, 3, 3, 3, 3, 3, 3, 3, 3, 3, 3), (3, 3, 3, 3, 3, 3, 3, 3, 3, 3, 3, 3, 3, 3, 3, 3, 3, 3, 3, 3, 3, 3, 3), (3, 3, 3, 3, 3, 3, 3, 3, 3, 3, 3, 3, 3, 3, 3, 3, 3, 3, 3, 3, 3, 3, 3), (3, 3, 3, 3, 3, 3, 3, 3, 3, 3, 3, 3, 3, 3, 3, 3, 3, 3, 3, 3, 3, 3, 3), (3, 3, 3, 3, 3, 3, 3, 3, 3, 3, 3, 3, 3, 3, 3, 3, 3, 3, 3, 3, 3, 3, 3), (3, 3, 3, 3, 3, 3, 3, 3, 3, 3, 3, 3, 3, 3, 3, 3, 3, 3, 3, 3, 3, 3, 3), (3, 3, 3, 3, 3, 3, 3, 3, 3, 3, 3, 3, 3, 3, 3, 3, 3, 3, 3, 3, 3, 3, 3), (3, 6, 3, 3, 3, 3, 3, 3, 3, 3, 3, 3, 3, 3, 3, 2, 3, 3, 3, 3, 3, 3, 3), (3, 3, 3, 3, 3, 3, 3, 3, 3, 3, 3, 3, 3, 3, 3, 3, 3, 3, 3, 3, 3, 3, 3), (3, 3, 3, 3, 3, 3, 3, 3, 3, 3, 3, 3, 3, 3, 3, 3, 3, 3, 3, 3, 3, 3, 3), (3, 3, 3, 3, 3, 3, 3, 3, 3, 3, 3, 3, 3, 3, 3, 3, 3, 3, 3, 3, 3, 3, 3))
Updated inds: frozenset({(15, 21), (12, 4), (7, 17), (18, 17), (4, 0), (4, 9), (8, 0), (19, 0), (3, 13), (14, 13), (8, 9), (19, 9), (0, 5), (11, 5), (8, 18), (19, 18), (3, 22), (0, 14), (11, 14), (14, 22), (15, 5), (7, 1), (18, 1), (7, 10), (18, 10), (4, 2), (7, 19), (18, 19), (3, 6), (8, 2), (19, 2), (3, 15), (14, 15), (8, 11), (19, 11), (0, 7), (11, 7), (0, 16), (11, 16), (15, 7), (7, 3), (18, 3), (10, 20), (7, 12), (18, 12), (7, 21), (18, 21), (3, 8), (14, 8), (8, 4), (19, 4), (0, 0), (11, 0), (3, 17), (14, 17), (0, 9), (11, 9), (15, 0), (15, 9), (10, 22), (7, 5), (18, 5), (15, 18), (7, 14), (18, 14), (3, 1), (14, 1), (3, 10), (14, 10), (19, 6), (3, 19), (14, 19), (0, 2), (11, 2), (15, 2), (10, 15), (15, 11), (7, 7), (18, 7), (2, 20), (7, 16), (18, 16), (3, 3), (14, 3), (3, 12), (14, 12), (11, 4), (3, 21), (14, 21), (10, 8), (15, 4), (10, 17), (7, 0), (18, 0), (2, 13), (15, 13), (7, 9), (18, 9), (2, 22), (18, 18), (3, 5), (14, 5), (6, 22), (3, 14), (14, 14), (10, 1), (10, 10), (15, 6), (2, 6), (7, 2), (18, 2), (10, 19), (2, 15), (7, 11), (18, 11), (6, 15), (3, 7), (14, 7), (3, 16), (14, 16), (10, 3), (17, 18), (10, 12), (2, 8), (10, 21), (7, 4), (18, 4), (2, 17), (6, 8), (3, 0), (14, 0), (6, 17), (3, 9), (14, 9), (3, 18), (14, 18), (10, 5), (17, 20), (2, 1), (10, 14), (2, 10), (2, 19), (6, 10), (6, 19), (14, 2), (3, 11), (14, 11), (17, 13), (10, 7), (2, 3), (5, 20), (10, 16), (17, 22), (9, 18), (2, 12), (2, 21), (6, 3), (6, 12), (3, 4), (14, 4), (6, 21), (17, 6), (10, 0), (17, 15), (10, 9), (9, 11), (5, 22), (2, 5), (10, 18), (9, 20), (2, 14), (6, 5), (13, 20), (14, 6), (17, 8), (10, 2), (9, 4), (17, 17), (10, 11), (9, 13), (2, 7), (9, 22), (2, 16), (13, 13), (6, 7), (13, 22), (6, 16), (16, 18), (17, 1), (5, 8), (17, 10), (10, 4), (9, 6), (5, 17), (17, 19), (2, 0), (9, 15), (10, 13), (2, 9), (13, 6), (2, 18), (6, 0), (13, 15), (6, 9), (16, 11), (1, 22), (6, 18), (16, 20), (5, 1), (17, 3), (5, 10), (17, 12), (10, 6), (9, 8), (2, 2), (5, 19), (17, 21), (9, 17), (2, 11), (13, 8), (6, 2), (1, 15), (13, 17), (6, 11), (16, 13), (6, 20), (16, 22), (5, 3), (17, 5), (9, 1), (12, 18), (5, 12), (9, 10), (5, 21), (2, 4), (9, 19), (13, 1), (1, 8), (13, 10), (6, 4), (16, 6), (1, 17), (13, 19), (6, 13), (5, 5), (17, 7), (12, 20), (9, 3), (5, 14), (9, 12), (9, 21), (13, 3), (1, 10), (13, 12), (6, 6), (16, 8), (1, 19), (13, 21), (16, 17), (17, 0), (12, 13), (5, 7), (17, 9), (9, 5), (12, 22), (5, 16), (4, 18), (9, 14), (1, 3), (13, 5), (1, 12), (13, 14), (16, 10), (16, 19), (12, 6), (5, 0), (17, 2), (12, 15), (5, 9), (4, 11), (17, 11), (9, 7), (5, 18), (4, 20), (9, 16), (1, 5), (13, 7), (6, 1), (16, 3), (8, 20), (1, 14), (13, 16), (19, 20), (16, 12), (16, 21), (12, 8), (5, 2), (17, 4), (4, 4), (9, 0), (12, 17), (5, 11), (4, 13), (9, 9), (4, 22), (13, 0), (8, 13), (19, 13), (1, 7), (13, 9), (8, 22), (19, 22), (16, 5), (0, 18), (11, 18), (1, 16), (13, 18), (16, 14), (12, 1), (12, 10), (5, 4), (4, 6), (12, 19), (9, 2), (4, 15), (8, 6), (1, 0), (13, 2), (8, 15), (19, 15), (1, 9), (13, 11), (0, 11), (16, 7), (11, 11), (1, 18), (0, 20), (11, 20), (16, 16), (15, 20), (12, 3), (12, 12), (5, 6), (4, 8), (18, 8), (12, 21), (4, 17), (8, 8), (19, 8), (1, 2), (0, 4), (13, 4), (8, 17), (19, 17), (16, 0), (0, 13), (11, 13), (1, 11), (16, 9), (1, 20), (0, 22), (11, 22), (12, 5), (15, 22), (4, 1), (7, 18), (12, 14), (4, 10), (4, 19), (19, 1), (8, 10), (19, 10), (1, 4), (0, 6), (11, 6), (16, 2), (8, 19), (1, 13), (19, 19), (0, 15), (11, 15), (15, 15), (12, 7), (7, 20), (18, 20), (4, 3), (12, 16), (4, 12), (4, 21), (8, 3), (19, 3), (8, 12), (19, 12), (1, 6), (0, 8), (11, 8), (8, 21), (19, 21), (16, 4), (0, 17), (11, 17), (15, 8), (12, 0), (15, 17), (7, 13), (18, 13), (12, 9), (4, 5), (7, 22), (18, 22), (4, 14), (8, 5), (19, 5), (0, 1), (11, 1), (8, 14), (19, 14), (0, 10), (11, 10), (0, 19), (15, 1), (11, 19), (15, 10), (7, 6), (18, 6), (15, 19), (12, 2), (7, 15), (18, 15), (12, 11), (4, 7), (4, 16), (8, 7), (19, 7), (1, 1), (11, 3), (0, 3), (8, 16), (19, 16), (3, 20), (0, 12), (11, 12), (14, 20), (0, 21), (11, 21), (15, 3), (15, 12), (7, 8)})
tr: 10, succ: 8
ino: {(6, (0, 0))}, outo: {(6, (0, 0))}
loc: (2, 8)
oplcd: frozenset({(6, (2, 8))})
oplcdi: frozenset({(2, 8)})
Updated gi: ((3, 3, 3, 3, 3, 3, 3, 3, 3, 3, 3, 3, 3, 3, 3, 3, 3, 3, 3, 3, 3, 3, 3), (3, 3, 3, 3, 3, 3, 3, 3, 3, 3, 3, 3, 3, 3, 3, 3, 3, 3, 3, 3, 3, 6, 3), (3, 3, 3, 3, 3, 3, 3, 3, 6, 3, 3, 3, 3, 3, 3, 3, 3, 3, 3, 3, 3, 3, 3), (3, 3, 8, 3, 3, 3, 3, 3, 3, 3, 3, 3, 3, 3, 3, 3, 3, 3, 3, 3, 3, 3, 3), (3, 3, 3, 3, 3, 3, 3, 3, 3, 3, 3, 3, 3, 3, 3, 3, 3, 3, 3, 3, 3, 3, 3), (3, 3, 3, 3, 3, 3, 3, 3, 3, 3, 3, 3, 3, 8, 3, 8, 3, 3, 3, 3, 3, 3, 3), (3, 3, 3, 3, 3, 3, 3, 3, 3, 3, 3, 3, 3, 3, 6, 3, 3, 3, 3, 3, 3, 3, 3), (3, 3, 3, 3, 3, 3, 3, 3, 3, 3, 3, 3, 3, 3, 3, 3, 3, 3, 3, 3, 3, 3, 3), (3, 8, 3, 3, 3, 3, 3, 3, 3, 3, 3, 3, 3, 3, 3, 3, 3, 3, 3, 3, 3, 3, 3), (3, 3, 3, 3, 3, 3, 3, 3, 3, 3, 3, 3, 3, 3, 3, 3, 3, 3, 3, 3, 3, 3, 3), (3, 3, 3, 3, 3, 3, 3, 3, 3, 3, 3, 3, 3, 3, 3, 3, 3, 3, 3, 3, 3, 3, 3), (3, 3, 3, 3, 3, 3, 3, 3, 3, 3, 3, 3, 3, 3, 3, 3, 3, 3, 3, 3, 3, 3, 3), (3, 3, 3, 3, 3, 3, 3, 3, 3, 3, 3, 3, 3, 3, 3, 3, 3, 3, 3, 3, 3, 3, 3), (3, 3, 3, 3, 3, 3, 3, 3, 3, 3, 3, 3, 3, 3, 3, 3, 3, 3, 3, 3, 3, 3, 3), (3, 3, 3, 3, 3, 3, 3, 3, 3, 3, 3, 3, 3, 3, 3, 3, 3, 3, 3, 3, 3, 3, 3), (3, 3, 3, 3, 3, 3, 3, 3, 3, 3, 3, 3, 3, 3, 3, 3, 3, 3, 3, 3, 3, 3, 3), (3, 6, 3, 3, 3, 3, 3, 3, 3, 3, 3, 3, 3, 3, 3, 2, 3, 3, 3, 3, 3, 3, 3), (3, 3, 3, 3, 3, 3, 3, 3, 3, 3, 3, 3, 3, 3, 3, 3, 3, 3, 3, 3, 3, 3, 3), (3, 3, 3, 3, 3, 3, 3, 3, 3, 3, 3, 3, 3, 3, 3, 3, 3, 3, 3, 3, 3, 3, 3), (3, 3, 3, 3, 3, 3, 3, 3, 3, 3, 3, 3, 3, 3, 3, 3, 3, 3, 3, 3, 3, 3, 3))
Updated inds: frozenset({(15, 21), (12, 4), (7, 17), (18, 17), (4, 0), (4, 9), (8, 0), (19, 0), (3, 13), (14, 13), (8, 9), (19, 9), (0, 5), (11, 5), (8, 18), (19, 18), (3, 22), (0, 14), (11, 14), (14, 22), (15, 5), (7, 1), (18, 1), (7, 10), (18, 10), (4, 2), (7, 19), (18, 19), (3, 6), (8, 2), (19, 2), (3, 15), (14, 15), (8, 11), (19, 11), (0, 7), (11, 7), (0, 16), (11, 16), (15, 7), (7, 3), (18, 3), (10, 20), (7, 12), (18, 12), (7, 21), (18, 21), (3, 8), (14, 8), (8, 4), (19, 4), (0, 0), (11, 0), (3, 17), (14, 17), (0, 9), (11, 9), (15, 0), (15, 9), (10, 22), (7, 5), (18, 5), (15, 18), (7, 14), (18, 14), (3, 1), (14, 1), (3, 10), (14, 10), (19, 6), (3, 19), (14, 19), (0, 2), (11, 2), (15, 2), (10, 15), (15, 11), (7, 7), (18, 7), (2, 20), (7, 16), (18, 16), (3, 3), (14, 3), (3, 12), (14, 12), (11, 4), (3, 21), (14, 21), (10, 8), (15, 4), (10, 17), (7, 0), (18, 0), (2, 13), (15, 13), (7, 9), (18, 9), (2, 22), (18, 18), (3, 5), (14, 5), (6, 22), (3, 14), (14, 14), (10, 1), (10, 10), (15, 6), (2, 6), (7, 2), (18, 2), (10, 19), (2, 15), (7, 8), (7, 11), (18, 11), (6, 15), (3, 7), (14, 7), (3, 16), (14, 16), (10, 3), (17, 18), (10, 12), (10, 21), (7, 4), (18, 4), (2, 17), (6, 8), (3, 0), (14, 0), (6, 17), (3, 9), (14, 9), (3, 18), (14, 18), (10, 5), (17, 20), (2, 1), (10, 14), (2, 10), (2, 19), (6, 10), (6, 19), (14, 2), (3, 11), (14, 11), (17, 13), (10, 7), (2, 3), (5, 20), (10, 16), (17, 22), (9, 18), (2, 12), (2, 21), (6, 3), (6, 12), (3, 4), (14, 4), (6, 21), (17, 6), (10, 0), (17, 15), (10, 9), (9, 11), (5, 22), (2, 5), (10, 18), (9, 20), (2, 14), (6, 5), (13, 20), (14, 6), (17, 8), (10, 2), (9, 4), (17, 17), (10, 11), (9, 13), (2, 7), (9, 22), (2, 16), (13, 13), (6, 7), (13, 22), (6, 16), (16, 18), (17, 1), (5, 8), (17, 10), (10, 4), (9, 6), (5, 17), (17, 19), (2, 0), (9, 15), (10, 13), (2, 9), (13, 6), (2, 18), (6, 0), (13, 15), (6, 9), (16, 11), (1, 22), (6, 18), (16, 20), (5, 1), (17, 3), (5, 10), (17, 12), (10, 6), (9, 8), (2, 2), (5, 19), (17, 21), (9, 17), (2, 11), (13, 8), (6, 2), (1, 15), (13, 17), (6, 11), (16, 13), (6, 20), (16, 22), (5, 3), (17, 5), (9, 1), (12, 18), (5, 12), (9, 10), (5, 21), (2, 4), (9, 19), (13, 1), (1, 8), (13, 10), (6, 4), (16, 6), (1, 17), (13, 19), (6, 13), (5, 5), (17, 7), (12, 20), (9, 3), (5, 14), (9, 12), (9, 21), (13, 3), (1, 10), (13, 12), (6, 6), (16, 8), (1, 19), (13, 21), (16, 17), (17, 0), (12, 13), (5, 7), (17, 9), (9, 5), (12, 22), (5, 16), (4, 18), (9, 14), (1, 3), (13, 5), (1, 12), (13, 14), (16, 10), (16, 19), (12, 6), (5, 0), (17, 2), (12, 15), (5, 9), (4, 11), (17, 11), (9, 7), (5, 18), (4, 20), (9, 16), (1, 5), (13, 7), (6, 1), (16, 3), (8, 20), (1, 14), (13, 16), (19, 20), (16, 12), (16, 21), (12, 8), (5, 2), (17, 4), (4, 4), (9, 0), (12, 17), (5, 11), (4, 13), (9, 9), (4, 22), (13, 0), (8, 13), (19, 13), (1, 7), (13, 9), (8, 22), (19, 22), (16, 5), (0, 18), (11, 18), (1, 16), (13, 18), (16, 14), (12, 1), (12, 10), (5, 4), (4, 6), (12, 19), (9, 2), (4, 15), (8, 6), (1, 0), (13, 2), (8, 15), (19, 15), (1, 9), (13, 11), (0, 11), (16, 7), (11, 11), (1, 18), (0, 20), (11, 20), (16, 16), (15, 20), (12, 3), (12, 12), (5, 6), (4, 8), (12, 21), (4, 17), (8, 8), (19, 8), (1, 2), (0, 4), (13, 4), (8, 17), (19, 17), (16, 0), (0, 13), (11, 13), (1, 11), (16, 9), (1, 20), (0, 22), (11, 22), (12, 5), (15, 22), (4, 1), (7, 18), (12, 14), (4, 10), (4, 19), (19, 1), (8, 10), (19, 10), (1, 4), (0, 6), (11, 6), (16, 2), (8, 19), (1, 13), (19, 19), (0, 15), (11, 15), (15, 15), (12, 7), (7, 20), (18, 20), (4, 3), (12, 16), (4, 12), (4, 21), (8, 3), (19, 3), (8, 12), (19, 12), (1, 6), (0, 8), (11, 8), (8, 21), (19, 21), (16, 4), (0, 17), (11, 17), (15, 8), (12, 0), (15, 17), (7, 13), (18, 13), (12, 9), (4, 5), (7, 22), (18, 22), (4, 14), (8, 5), (19, 5), (0, 1), (11, 1), (8, 14), (19, 14), (0, 10), (11, 10), (0, 19), (15, 1), (11, 19), (15, 10), (7, 6), (18, 6), (15, 19), (12, 2), (7, 15), (18, 15), (12, 11), (4, 7), (4, 16), (8, 7), (19, 7), (1, 1), (11, 3), (0, 3), (8, 16), (19, 16), (3, 20), (0, 12), (11, 12), (14, 20), (0, 21), (11, 21), (15, 3), (15, 12), (18, 8)})
tr: 11, succ: 9
ino: {(8, (0, 0))}, outo: {(8, (0, 0))}
loc: (3, 8)
oplcd: frozenset({(8, (3, 8))})
oplcdi: frozenset({(3, 8)})
Updated gi: ((3, 3, 3, 3, 3, 3, 3, 3, 3, 3, 3, 3, 3, 3, 3, 3, 3, 3, 3, 3, 3, 3, 3), (3, 3, 3, 3, 3, 3, 3, 3, 3, 3, 3, 3, 3, 3, 3, 3, 3, 3, 3, 3, 3, 6, 3), (3, 3, 3, 3, 3, 3, 3, 3, 6, 3, 3, 3, 3, 3, 3, 3, 3, 3, 3, 3, 3, 3, 3), (3, 3, 8, 3, 3, 3, 3, 3, 8, 3, 3, 3, 3, 3, 3, 3, 3, 3, 3, 3, 3, 3, 3), (3, 3, 3, 3, 3, 3, 3, 3, 3, 3, 3, 3, 3, 3, 3, 3, 3, 3, 3, 3, 3, 3, 3), (3, 3, 3, 3, 3, 3, 3, 3, 3, 3, 3, 3, 3, 8, 3, 8, 3, 3, 3, 3, 3, 3, 3), (3, 3, 3, 3, 3, 3, 3, 3, 3, 3, 3, 3, 3, 3, 6, 3, 3, 3, 3, 3, 3, 3, 3), (3, 3, 3, 3, 3, 3, 3, 3, 3, 3, 3, 3, 3, 3, 3, 3, 3, 3, 3, 3, 3, 3, 3), (3, 8, 3, 3, 3, 3, 3, 3, 3, 3, 3, 3, 3, 3, 3, 3, 3, 3, 3, 3, 3, 3, 3), (3, 3, 3, 3, 3, 3, 3, 3, 3, 3, 3, 3, 3, 3, 3, 3, 3, 3, 3, 3, 3, 3, 3), (3, 3, 3, 3, 3, 3, 3, 3, 3, 3, 3, 3, 3, 3, 3, 3, 3, 3, 3, 3, 3, 3, 3), (3, 3, 3, 3, 3, 3, 3, 3, 3, 3, 3, 3, 3, 3, 3, 3, 3, 3, 3, 3, 3, 3, 3), (3, 3, 3, 3, 3, 3, 3, 3, 3, 3, 3, 3, 3, 3, 3, 3, 3, 3, 3, 3, 3, 3, 3), (3, 3, 3, 3, 3, 3, 3, 3, 3, 3, 3, 3, 3, 3, 3, 3, 3, 3, 3, 3, 3, 3, 3), (3, 3, 3, 3, 3, 3, 3, 3, 3, 3, 3, 3, 3, 3, 3, 3, 3, 3, 3, 3, 3, 3, 3), (3, 3, 3, 3, 3, 3, 3, 3, 3, 3, 3, 3, 3, 3, 3, 3, 3, 3, 3, 3, 3, 3, 3), (3, 6, 3, 3, 3, 3, 3, 3, 3, 3, 3, 3, 3, 3, 3, 2, 3, 3, 3, 3, 3, 3, 3), (3, 3, 3, 3, 3, 3, 3, 3, 3, 3, 3, 3, 3, 3, 3, 3, 3, 3, 3, 3, 3, 3, 3), (3, 3, 3, 3, 3, 3, 3, 3, 3, 3, 3, 3, 3, 3, 3, 3, 3, 3, 3, 3, 3, 3, 3), (3, 3, 3, 3, 3, 3, 3, 3, 3, 3, 3, 3, 3, 3, 3, 3, 3, 3, 3, 3, 3, 3, 3))
Updated inds: frozenset({(15, 21), (12, 4), (7, 17), (18, 17), (4, 0), (4, 9), (8, 0), (19, 0), (3, 13), (14, 13), (8, 9), (19, 9), (0, 5), (11, 5), (8, 18), (19, 18), (3, 22), (0, 14), (11, 14), (14, 22), (15, 5), (7, 1), (18, 1), (7, 10), (18, 10), (4, 2), (7, 19), (18, 19), (3, 6), (8, 2), (19, 2), (3, 15), (14, 15), (8, 11), (19, 11), (0, 7), (11, 7), (0, 16), (11, 16), (15, 7), (7, 3), (18, 3), (10, 20), (7, 12), (18, 12), (7, 21), (18, 21), (14, 8), (8, 4), (19, 4), (0, 0), (11, 0), (3, 17), (14, 17), (0, 9), (11, 9), (15, 0), (15, 9), (10, 22), (7, 5), (18, 5), (15, 18), (7, 14), (18, 14), (3, 1), (14, 1), (3, 10), (14, 10), (19, 6), (3, 19), (14, 19), (0, 2), (11, 2), (15, 2), (10, 15), (15, 11), (7, 7), (18, 7), (2, 20), (7, 16), (18, 16), (3, 3), (14, 3), (3, 12), (14, 12), (11, 4), (3, 21), (14, 21), (10, 8), (15, 4), (10, 17), (7, 0), (18, 0), (2, 13), (15, 13), (7, 9), (18, 9), (2, 22), (18, 18), (3, 5), (14, 5), (6, 22), (3, 14), (14, 14), (10, 1), (10, 10), (15, 6), (2, 6), (7, 2), (18, 2), (10, 19), (2, 15), (7, 11), (18, 11), (6, 15), (3, 7), (14, 7), (3, 16), (14, 16), (10, 3), (17, 18), (10, 12), (10, 21), (7, 4), (18, 4), (2, 17), (6, 8), (3, 0), (14, 0), (6, 17), (3, 9), (14, 9), (3, 18), (14, 18), (10, 5), (17, 20), (2, 1), (10, 14), (2, 10), (2, 19), (6, 10), (6, 19), (14, 2), (3, 11), (14, 11), (17, 13), (10, 7), (2, 3), (5, 20), (10, 16), (17, 22), (9, 18), (2, 12), (2, 21), (6, 3), (6, 12), (3, 4), (14, 4), (6, 21), (17, 6), (10, 0), (17, 15), (10, 9), (9, 11), (5, 22), (2, 5), (10, 18), (9, 20), (2, 14), (6, 5), (13, 20), (14, 6), (17, 8), (10, 2), (9, 4), (17, 17), (10, 11), (9, 13), (2, 7), (9, 22), (2, 16), (13, 13), (6, 7), (13, 22), (6, 16), (16, 18), (17, 1), (5, 8), (17, 10), (10, 4), (9, 6), (5, 17), (17, 19), (2, 0), (9, 15), (10, 13), (2, 9), (13, 6), (2, 18), (6, 0), (13, 15), (6, 9), (16, 11), (1, 22), (6, 18), (16, 20), (5, 1), (17, 3), (5, 10), (17, 12), (10, 6), (9, 8), (2, 2), (5, 19), (17, 21), (9, 17), (2, 11), (13, 8), (6, 2), (1, 15), (13, 17), (6, 11), (16, 13), (6, 20), (16, 22), (5, 3), (17, 5), (9, 1), (12, 18), (5, 12), (9, 10), (5, 21), (2, 4), (9, 19), (13, 1), (1, 8), (13, 10), (6, 4), (16, 6), (1, 17), (13, 19), (6, 13), (5, 5), (17, 7), (12, 20), (9, 3), (5, 14), (9, 12), (9, 21), (13, 3), (1, 10), (13, 12), (6, 6), (16, 8), (1, 19), (13, 21), (16, 17), (17, 0), (12, 13), (5, 7), (17, 9), (9, 5), (12, 22), (5, 16), (4, 18), (9, 14), (1, 3), (13, 5), (1, 12), (13, 14), (16, 10), (16, 19), (12, 6), (5, 0), (17, 2), (12, 15), (5, 9), (4, 11), (17, 11), (9, 7), (5, 18), (4, 20), (9, 16), (1, 5), (13, 7), (6, 1), (16, 3), (8, 20), (1, 14), (13, 16), (19, 20), (16, 12), (16, 21), (12, 8), (5, 2), (17, 4), (4, 4), (9, 0), (12, 17), (5, 11), (4, 13), (9, 9), (4, 22), (13, 0), (8, 13), (19, 13), (1, 7), (13, 9), (8, 22), (19, 22), (16, 5), (0, 18), (11, 18), (1, 16), (13, 18), (16, 14), (12, 1), (12, 10), (5, 4), (4, 6), (12, 19), (9, 2), (4, 15), (8, 6), (1, 0), (13, 2), (8, 15), (19, 15), (1, 9), (13, 11), (0, 11), (16, 7), (11, 11), (1, 18), (0, 20), (11, 20), (16, 16), (15, 20), (12, 3), (12, 12), (5, 6), (4, 8), (18, 8), (12, 21), (4, 17), (8, 8), (19, 8), (1, 2), (0, 4), (13, 4), (8, 17), (19, 17), (16, 0), (0, 13), (11, 13), (1, 11), (16, 9), (1, 20), (0, 22), (11, 22), (12, 5), (15, 22), (4, 1), (7, 18), (12, 14), (4, 10), (4, 19), (19, 1), (8, 10), (19, 10), (1, 4), (0, 6), (11, 6), (16, 2), (8, 19), (1, 13), (19, 19), (0, 15), (11, 15), (15, 15), (12, 7), (7, 20), (18, 20), (4, 3), (12, 16), (4, 12), (4, 21), (8, 3), (19, 3), (8, 12), (19, 12), (1, 6), (0, 8), (11, 8), (8, 21), (19, 21), (16, 4), (0, 17), (11, 17), (15, 8), (12, 0), (15, 17), (7, 13), (18, 13), (12, 9), (4, 5), (7, 22), (18, 22), (4, 14), (8, 5), (19, 5), (0, 1), (11, 1), (8, 14), (19, 14), (0, 10), (11, 10), (0, 19), (15, 1), (11, 19), (15, 10), (7, 6), (18, 6), (15, 19), (12, 2), (7, 15), (18, 15), (12, 11), (4, 7), (4, 16), (8, 7), (19, 7), (1, 1), (11, 3), (0, 3), (8, 16), (19, 16), (3, 20), (0, 12), (11, 12), (14, 20), (0, 21), (11, 21), (15, 3), (15, 12), (7, 8)})
tr: 12, succ: 10
ino: {(1, (1, 1))}, outo: {(7, (2, 1)), (1, (1, 1)), (7, (1, 2)), (7, (0, 1)), (7, (1, 0))}
loc: (12, 10)
oplcd: frozenset({(7, (12, 11)), (7, (14, 11)), (1, (13, 11)), (7, (13, 10)), (7, (13, 12))})
oplcdi: frozenset({(13, 10), (13, 12), (12, 11), (13, 11), (14, 11)})
Updated gi: ((3, 3, 3, 3, 3, 3, 3, 3, 3, 3, 3, 3, 3, 3, 3, 3, 3, 3, 3, 3, 3, 3, 3), (3, 3, 3, 3, 3, 3, 3, 3, 3, 3, 3, 3, 3, 3, 3, 3, 3, 3, 3, 3, 3, 6, 3), (3, 3, 3, 3, 3, 3, 3, 3, 6, 3, 3, 3, 3, 3, 3, 3, 3, 3, 3, 3, 3, 3, 3), (3, 3, 8, 3, 3, 3, 3, 3, 8, 3, 3, 3, 3, 3, 3, 3, 3, 3, 3, 3, 3, 3, 3), (3, 3, 3, 3, 3, 3, 3, 3, 3, 3, 3, 3, 3, 3, 3, 3, 3, 3, 3, 3, 3, 3, 3), (3, 3, 3, 3, 3, 3, 3, 3, 3, 3, 3, 3, 3, 8, 3, 8, 3, 3, 3, 3, 3, 3, 3), (3, 3, 3, 3, 3, 3, 3, 3, 3, 3, 3, 3, 3, 3, 6, 3, 3, 3, 3, 3, 3, 3, 3), (3, 3, 3, 3, 3, 3, 3, 3, 3, 3, 3, 3, 3, 3, 3, 3, 3, 3, 3, 3, 3, 3, 3), (3, 8, 3, 3, 3, 3, 3, 3, 3, 3, 3, 3, 3, 3, 3, 3, 3, 3, 3, 3, 3, 3, 3), (3, 3, 3, 3, 3, 3, 3, 3, 3, 3, 3, 3, 3, 3, 3, 3, 3, 3, 3, 3, 3, 3, 3), (3, 3, 3, 3, 3, 3, 3, 3, 3, 3, 3, 3, 3, 3, 3, 3, 3, 3, 3, 3, 3, 3, 3), (3, 3, 3, 3, 3, 3, 3, 3, 3, 3, 3, 3, 3, 3, 3, 3, 3, 3, 3, 3, 3, 3, 3), (3, 3, 3, 3, 3, 3, 3, 3, 3, 3, 3, 3, 3, 3, 3, 3, 3, 3, 3, 3, 3, 3, 3), (3, 3, 3, 3, 3, 3, 3, 3, 3, 3, 3, 1, 3, 3, 3, 3, 3, 3, 3, 3, 3, 3, 3), (3, 3, 3, 3, 3, 3, 3, 3, 3, 3, 3, 3, 3, 3, 3, 3, 3, 3, 3, 3, 3, 3, 3), (3, 3, 3, 3, 3, 3, 3, 3, 3, 3, 3, 3, 3, 3, 3, 3, 3, 3, 3, 3, 3, 3, 3), (3, 6, 3, 3, 3, 3, 3, 3, 3, 3, 3, 3, 3, 3, 3, 2, 3, 3, 3, 3, 3, 3, 3), (3, 3, 3, 3, 3, 3, 3, 3, 3, 3, 3, 3, 3, 3, 3, 3, 3, 3, 3, 3, 3, 3, 3), (3, 3, 3, 3, 3, 3, 3, 3, 3, 3, 3, 3, 3, 3, 3, 3, 3, 3, 3, 3, 3, 3, 3), (3, 3, 3, 3, 3, 3, 3, 3, 3, 3, 3, 3, 3, 3, 3, 3, 3, 3, 3, 3, 3, 3, 3))
Updated inds: frozenset({(15, 21), (12, 4), (7, 17), (18, 17), (4, 0), (4, 9), (8, 0), (19, 0), (3, 13), (14, 13), (8, 9), (19, 9), (0, 5), (11, 5), (8, 18), (19, 18), (3, 22), (0, 14), (11, 14), (14, 22), (15, 5), (7, 1), (18, 1), (7, 10), (18, 10), (4, 2), (7, 19), (18, 19), (3, 6), (8, 2), (19, 2), (3, 15), (14, 15), (8, 11), (19, 11), (0, 7), (11, 7), (0, 16), (11, 16), (15, 7), (7, 3), (18, 3), (10, 20), (7, 12), (18, 12), (7, 21), (18, 21), (14, 8), (8, 4), (19, 4), (0, 0), (11, 0), (3, 17), (14, 17), (0, 9), (11, 9), (15, 0), (15, 9), (10, 22), (7, 5), (18, 5), (15, 18), (7, 14), (18, 14), (3, 1), (14, 1), (3, 10), (14, 10), (19, 6), (3, 19), (14, 19), (0, 2), (11, 2), (15, 2), (10, 15), (15, 11), (7, 7), (18, 7), (2, 20), (7, 16), (18, 16), (3, 3), (14, 3), (3, 12), (14, 12), (11, 4), (3, 21), (14, 21), (10, 8), (15, 4), (10, 17), (7, 0), (18, 0), (2, 13), (15, 13), (7, 9), (18, 9), (2, 22), (18, 18), (3, 5), (14, 5), (6, 22), (3, 14), (14, 14), (10, 1), (10, 10), (15, 6), (2, 6), (7, 2), (18, 2), (10, 19), (2, 15), (7, 8), (7, 11), (18, 11), (6, 15), (3, 7), (14, 7), (3, 16), (14, 16), (10, 3), (17, 18), (10, 12), (10, 21), (7, 4), (18, 4), (2, 17), (6, 8), (3, 0), (14, 0), (6, 17), (3, 9), (14, 9), (3, 18), (14, 18), (10, 5), (17, 20), (2, 1), (10, 14), (2, 10), (2, 19), (6, 10), (6, 19), (14, 2), (3, 11), (17, 13), (10, 7), (2, 3), (5, 20), (10, 16), (17, 22), (9, 18), (2, 12), (2, 21), (6, 3), (6, 12), (3, 4), (14, 4), (6, 21), (17, 6), (10, 0), (17, 15), (10, 9), (9, 11), (5, 22), (2, 5), (10, 18), (9, 20), (2, 14), (6, 5), (13, 20), (14, 6), (17, 8), (10, 2), (9, 4), (17, 17), (10, 11), (9, 13), (2, 7), (9, 22), (2, 16), (13, 13), (6, 7), (13, 22), (6, 16), (16, 18), (17, 1), (5, 8), (17, 10), (10, 4), (9, 6), (5, 17), (17, 19), (2, 0), (9, 15), (10, 13), (2, 9), (13, 6), (2, 18), (6, 0), (13, 15), (6, 9), (16, 11), (1, 22), (6, 18), (16, 20), (5, 1), (17, 3), (5, 10), (17, 12), (10, 6), (9, 8), (2, 2), (5, 19), (17, 21), (9, 17), (2, 11), (13, 8), (6, 2), (1, 15), (13, 17), (6, 11), (16, 13), (6, 20), (16, 22), (5, 3), (17, 5), (9, 1), (12, 18), (5, 12), (9, 10), (5, 21), (2, 4), (9, 19), (13, 1), (1, 8), (6, 4), (16, 6), (1, 17), (13, 19), (6, 13), (5, 5), (17, 7), (12, 20), (9, 3), (5, 14), (9, 12), (9, 21), (13, 3), (1, 10), (6, 6), (16, 8), (1, 19), (13, 21), (16, 17), (17, 0), (12, 13), (5, 7), (17, 9), (9, 5), (12, 22), (5, 16), (4, 18), (9, 14), (1, 3), (13, 5), (1, 12), (13, 14), (16, 10), (16, 19), (12, 6), (5, 0), (17, 2), (12, 15), (5, 9), (4, 11), (17, 11), (9, 7), (5, 18), (4, 20), (9, 16), (1, 5), (13, 7), (6, 1), (16, 3), (8, 20), (1, 14), (13, 16), (19, 20), (16, 12), (16, 21), (12, 8), (5, 2), (17, 4), (4, 4), (9, 0), (12, 17), (5, 11), (4, 13), (9, 9), (4, 22), (13, 0), (8, 13), (19, 13), (1, 7), (13, 9), (8, 22), (19, 22), (16, 5), (0, 18), (11, 18), (1, 16), (13, 18), (16, 14), (12, 1), (12, 10), (5, 4), (4, 6), (12, 19), (9, 2), (4, 15), (8, 6), (1, 0), (13, 2), (8, 15), (19, 15), (1, 9), (0, 11), (16, 7), (11, 11), (1, 18), (0, 20), (11, 20), (16, 16), (15, 20), (12, 3), (12, 12), (5, 6), (4, 8), (12, 21), (4, 17), (8, 8), (19, 8), (1, 2), (0, 4), (13, 4), (8, 17), (19, 17), (16, 0), (0, 13), (11, 13), (1, 11), (16, 9), (1, 20), (0, 22), (11, 22), (12, 5), (15, 22), (4, 1), (7, 18), (12, 14), (4, 10), (4, 19), (19, 1), (8, 10), (19, 10), (1, 4), (0, 6), (11, 6), (16, 2), (8, 19), (1, 13), (19, 19), (0, 15), (11, 15), (15, 15), (12, 7), (7, 20), (18, 20), (4, 3), (12, 16), (4, 12), (4, 21), (8, 3), (19, 3), (8, 12), (19, 12), (1, 6), (0, 8), (11, 8), (8, 21), (19, 21), (16, 4), (0, 17), (11, 17), (15, 8), (12, 0), (15, 17), (7, 13), (18, 13), (12, 9), (4, 5), (7, 22), (18, 22), (4, 14), (8, 5), (19, 5), (0, 1), (11, 1), (8, 14), (19, 14), (0, 10), (11, 10), (0, 19), (15, 1), (11, 19), (15, 10), (7, 6), (18, 6), (15, 19), (12, 2), (7, 15), (18, 15), (4, 7), (4, 16), (8, 7), (19, 7), (1, 1), (11, 3), (0, 3), (8, 16), (19, 16), (3, 20), (0, 12), (11, 12), (14, 20), (0, 21), (11, 21), (15, 3), (15, 12), (18, 8)})
tr: 13, succ: 11
ino: {(8, (0, 0))}, outo: {(8, (0, 0))}
loc: (11, 6)
oplcd: frozenset({(8, (11, 6))})
oplcdi: frozenset({(11, 6)})
Updated gi: ((3, 3, 3, 3, 3, 3, 3, 3, 3, 3, 3, 3, 3, 3, 3, 3, 3, 3, 3, 3, 3, 3, 3), (3, 3, 3, 3, 3, 3, 3, 3, 3, 3, 3, 3, 3, 3, 3, 3, 3, 3, 3, 3, 3, 6, 3), (3, 3, 3, 3, 3, 3, 3, 3, 6, 3, 3, 3, 3, 3, 3, 3, 3, 3, 3, 3, 3, 3, 3), (3, 3, 8, 3, 3, 3, 3, 3, 8, 3, 3, 3, 3, 3, 3, 3, 3, 3, 3, 3, 3, 3, 3), (3, 3, 3, 3, 3, 3, 3, 3, 3, 3, 3, 3, 3, 3, 3, 3, 3, 3, 3, 3, 3, 3, 3), (3, 3, 3, 3, 3, 3, 3, 3, 3, 3, 3, 3, 3, 8, 3, 8, 3, 3, 3, 3, 3, 3, 3), (3, 3, 3, 3, 3, 3, 3, 3, 3, 3, 3, 3, 3, 3, 6, 3, 3, 3, 3, 3, 3, 3, 3), (3, 3, 3, 3, 3, 3, 3, 3, 3, 3, 3, 3, 3, 3, 3, 3, 3, 3, 3, 3, 3, 3, 3), (3, 8, 3, 3, 3, 3, 3, 3, 3, 3, 3, 3, 3, 3, 3, 3, 3, 3, 3, 3, 3, 3, 3), (3, 3, 3, 3, 3, 3, 3, 3, 3, 3, 3, 3, 3, 3, 3, 3, 3, 3, 3, 3, 3, 3, 3), (3, 3, 3, 3, 3, 3, 3, 3, 3, 3, 3, 3, 3, 3, 3, 3, 3, 3, 3, 3, 3, 3, 3), (3, 3, 3, 3, 3, 3, 8, 3, 3, 3, 3, 3, 3, 3, 3, 3, 3, 3, 3, 3, 3, 3, 3), (3, 3, 3, 3, 3, 3, 3, 3, 3, 3, 3, 3, 3, 3, 3, 3, 3, 3, 3, 3, 3, 3, 3), (3, 3, 3, 3, 3, 3, 3, 3, 3, 3, 3, 1, 3, 3, 3, 3, 3, 3, 3, 3, 3, 3, 3), (3, 3, 3, 3, 3, 3, 3, 3, 3, 3, 3, 3, 3, 3, 3, 3, 3, 3, 3, 3, 3, 3, 3), (3, 3, 3, 3, 3, 3, 3, 3, 3, 3, 3, 3, 3, 3, 3, 3, 3, 3, 3, 3, 3, 3, 3), (3, 6, 3, 3, 3, 3, 3, 3, 3, 3, 3, 3, 3, 3, 3, 2, 3, 3, 3, 3, 3, 3, 3), (3, 3, 3, 3, 3, 3, 3, 3, 3, 3, 3, 3, 3, 3, 3, 3, 3, 3, 3, 3, 3, 3, 3), (3, 3, 3, 3, 3, 3, 3, 3, 3, 3, 3, 3, 3, 3, 3, 3, 3, 3, 3, 3, 3, 3, 3), (3, 3, 3, 3, 3, 3, 3, 3, 3, 3, 3, 3, 3, 3, 3, 3, 3, 3, 3, 3, 3, 3, 3))
Updated inds: frozenset({(15, 21), (12, 4), (7, 17), (18, 17), (4, 0), (4, 9), (8, 0), (19, 0), (3, 13), (14, 13), (8, 9), (19, 9), (0, 5), (11, 5), (8, 18), (19, 18), (3, 22), (0, 14), (11, 14), (14, 22), (15, 5), (7, 1), (18, 1), (7, 10), (18, 10), (4, 2), (7, 19), (18, 19), (3, 6), (8, 2), (19, 2), (3, 15), (14, 15), (8, 11), (19, 11), (0, 7), (11, 7), (0, 16), (11, 16), (15, 7), (7, 3), (18, 3), (10, 20), (7, 12), (18, 12), (7, 21), (18, 21), (14, 8), (8, 4), (19, 4), (0, 0), (11, 0), (3, 17), (14, 17), (0, 9), (11, 9), (15, 0), (15, 9), (10, 22), (7, 5), (18, 5), (15, 18), (7, 14), (18, 14), (3, 1), (14, 1), (3, 10), (14, 10), (19, 6), (3, 19), (14, 19), (0, 2), (11, 2), (15, 2), (10, 15), (15, 11), (7, 7), (18, 7), (2, 20), (7, 16), (18, 16), (3, 3), (14, 3), (3, 12), (14, 12), (11, 4), (3, 21), (14, 21), (10, 8), (15, 4), (10, 17), (7, 0), (18, 0), (2, 13), (15, 13), (7, 9), (18, 9), (2, 22), (18, 18), (3, 5), (14, 5), (6, 22), (3, 14), (14, 14), (10, 1), (10, 10), (15, 6), (2, 6), (7, 2), (18, 2), (10, 19), (2, 15), (7, 11), (18, 11), (6, 15), (3, 7), (14, 7), (3, 16), (14, 16), (10, 3), (17, 18), (10, 12), (10, 21), (7, 4), (18, 4), (2, 17), (6, 8), (3, 0), (14, 0), (6, 17), (3, 9), (14, 9), (3, 18), (14, 18), (10, 5), (17, 20), (2, 1), (10, 14), (2, 10), (2, 19), (6, 10), (6, 19), (14, 2), (3, 11), (17, 13), (10, 7), (2, 3), (5, 20), (10, 16), (17, 22), (9, 18), (2, 12), (2, 21), (6, 3), (6, 12), (3, 4), (14, 4), (6, 21), (17, 6), (10, 0), (17, 15), (10, 9), (9, 11), (5, 22), (2, 5), (10, 18), (9, 20), (2, 14), (6, 5), (13, 20), (14, 6), (17, 8), (10, 2), (9, 4), (17, 17), (10, 11), (9, 13), (2, 7), (9, 22), (2, 16), (13, 13), (6, 7), (13, 22), (6, 16), (16, 18), (17, 1), (5, 8), (17, 10), (10, 4), (9, 6), (5, 17), (17, 19), (2, 0), (9, 15), (10, 13), (2, 9), (13, 6), (2, 18), (6, 0), (13, 15), (6, 9), (16, 11), (1, 22), (6, 18), (16, 20), (5, 1), (17, 3), (5, 10), (17, 12), (10, 6), (9, 8), (2, 2), (5, 19), (17, 21), (9, 17), (2, 11), (13, 8), (6, 2), (1, 15), (13, 17), (6, 11), (16, 13), (6, 20), (16, 22), (5, 3), (17, 5), (9, 1), (12, 18), (5, 12), (9, 10), (5, 21), (2, 4), (9, 19), (13, 1), (1, 8), (6, 4), (16, 6), (1, 17), (13, 19), (6, 13), (5, 5), (17, 7), (12, 20), (9, 3), (5, 14), (9, 12), (9, 21), (13, 3), (1, 10), (6, 6), (16, 8), (1, 19), (13, 21), (16, 17), (17, 0), (12, 13), (5, 7), (17, 9), (9, 5), (12, 22), (5, 16), (4, 18), (9, 14), (1, 3), (13, 5), (1, 12), (13, 14), (16, 10), (16, 19), (12, 6), (5, 0), (17, 2), (12, 15), (5, 9), (4, 11), (17, 11), (9, 7), (5, 18), (4, 20), (9, 16), (1, 5), (13, 7), (6, 1), (16, 3), (8, 20), (1, 14), (13, 16), (19, 20), (16, 12), (16, 21), (12, 8), (5, 2), (17, 4), (4, 4), (9, 0), (12, 17), (5, 11), (4, 13), (9, 9), (4, 22), (13, 0), (8, 13), (19, 13), (1, 7), (13, 9), (8, 22), (19, 22), (16, 5), (0, 18), (11, 18), (1, 16), (13, 18), (16, 14), (12, 1), (12, 10), (5, 4), (4, 6), (12, 19), (9, 2), (4, 15), (8, 6), (1, 0), (13, 2), (8, 15), (19, 15), (1, 9), (0, 11), (11, 11), (16, 7), (1, 18), (0, 20), (11, 20), (16, 16), (15, 20), (12, 3), (12, 12), (5, 6), (4, 8), (18, 8), (12, 21), (4, 17), (8, 8), (19, 8), (1, 2), (0, 4), (13, 4), (8, 17), (19, 17), (16, 0), (0, 13), (11, 13), (1, 11), (16, 9), (1, 20), (0, 22), (11, 22), (12, 5), (15, 22), (4, 1), (7, 18), (12, 14), (4, 10), (4, 19), (19, 1), (8, 10), (19, 10), (1, 4), (0, 6), (16, 2), (8, 19), (1, 13), (19, 19), (0, 15), (11, 15), (15, 15), (12, 7), (7, 20), (18, 20), (4, 3), (12, 16), (4, 12), (4, 21), (8, 3), (19, 3), (8, 12), (19, 12), (1, 6), (0, 8), (11, 8), (8, 21), (19, 21), (16, 4), (0, 17), (11, 17), (15, 8), (12, 0), (15, 17), (7, 13), (18, 13), (12, 9), (4, 5), (7, 22), (18, 22), (4, 14), (8, 5), (19, 5), (0, 1), (11, 1), (8, 14), (19, 14), (0, 10), (11, 10), (0, 19), (15, 1), (11, 19), (15, 10), (7, 6), (18, 6), (15, 19), (12, 2), (7, 15), (18, 15), (4, 7), (4, 16), (8, 7), (19, 7), (1, 1), (11, 3), (0, 3), (8, 16), (19, 16), (3, 20), (0, 12), (11, 12), (14, 20), (0, 21), (11, 21), (15, 3), (15, 12), (7, 8)})
tr: 14, succ: 12
ino: {(8, (0, 0))}, outo: {(8, (0, 0))}
loc: (5, 20)
oplcd: frozenset({(8, (5, 20))})
oplcdi: frozenset({(5, 20)})
Updated gi: ((3, 3, 3, 3, 3, 3, 3, 3, 3, 3, 3, 3, 3, 3, 3, 3, 3, 3, 3, 3, 3, 3, 3), (3, 3, 3, 3, 3, 3, 3, 3, 3, 3, 3, 3, 3, 3, 3, 3, 3, 3, 3, 3, 3, 6, 3), (3, 3, 3, 3, 3, 3, 3, 3, 6, 3, 3, 3, 3, 3, 3, 3, 3, 3, 3, 3, 3, 3, 3), (3, 3, 8, 3, 3, 3, 3, 3, 8, 3, 3, 3, 3, 3, 3, 3, 3, 3, 3, 3, 3, 3, 3), (3, 3, 3, 3, 3, 3, 3, 3, 3, 3, 3, 3, 3, 3, 3, 3, 3, 3, 3, 3, 3, 3, 3), (3, 3, 3, 3, 3, 3, 3, 3, 3, 3, 3, 3, 3, 8, 3, 8, 3, 3, 3, 3, 8, 3, 3), (3, 3, 3, 3, 3, 3, 3, 3, 3, 3, 3, 3, 3, 3, 6, 3, 3, 3, 3, 3, 3, 3, 3), (3, 3, 3, 3, 3, 3, 3, 3, 3, 3, 3, 3, 3, 3, 3, 3, 3, 3, 3, 3, 3, 3, 3), (3, 8, 3, 3, 3, 3, 3, 3, 3, 3, 3, 3, 3, 3, 3, 3, 3, 3, 3, 3, 3, 3, 3), (3, 3, 3, 3, 3, 3, 3, 3, 3, 3, 3, 3, 3, 3, 3, 3, 3, 3, 3, 3, 3, 3, 3), (3, 3, 3, 3, 3, 3, 3, 3, 3, 3, 3, 3, 3, 3, 3, 3, 3, 3, 3, 3, 3, 3, 3), (3, 3, 3, 3, 3, 3, 8, 3, 3, 3, 3, 3, 3, 3, 3, 3, 3, 3, 3, 3, 3, 3, 3), (3, 3, 3, 3, 3, 3, 3, 3, 3, 3, 3, 3, 3, 3, 3, 3, 3, 3, 3, 3, 3, 3, 3), (3, 3, 3, 3, 3, 3, 3, 3, 3, 3, 3, 1, 3, 3, 3, 3, 3, 3, 3, 3, 3, 3, 3), (3, 3, 3, 3, 3, 3, 3, 3, 3, 3, 3, 3, 3, 3, 3, 3, 3, 3, 3, 3, 3, 3, 3), (3, 3, 3, 3, 3, 3, 3, 3, 3, 3, 3, 3, 3, 3, 3, 3, 3, 3, 3, 3, 3, 3, 3), (3, 6, 3, 3, 3, 3, 3, 3, 3, 3, 3, 3, 3, 3, 3, 2, 3, 3, 3, 3, 3, 3, 3), (3, 3, 3, 3, 3, 3, 3, 3, 3, 3, 3, 3, 3, 3, 3, 3, 3, 3, 3, 3, 3, 3, 3), (3, 3, 3, 3, 3, 3, 3, 3, 3, 3, 3, 3, 3, 3, 3, 3, 3, 3, 3, 3, 3, 3, 3), (3, 3, 3, 3, 3, 3, 3, 3, 3, 3, 3, 3, 3, 3, 3, 3, 3, 3, 3, 3, 3, 3, 3))
Updated inds: frozenset({(15, 21), (12, 4), (7, 17), (18, 17), (4, 0), (4, 9), (8, 0), (19, 0), (3, 13), (14, 13), (8, 9), (19, 9), (0, 5), (11, 5), (8, 18), (19, 18), (3, 22), (0, 14), (11, 14), (14, 22), (15, 5), (7, 1), (18, 1), (7, 10), (18, 10), (4, 2), (7, 19), (18, 19), (3, 6), (8, 2), (19, 2), (3, 15), (14, 15), (8, 11), (19, 11), (0, 7), (11, 7), (0, 16), (11, 16), (15, 7), (7, 3), (18, 3), (10, 20), (7, 12), (18, 12), (7, 21), (18, 21), (14, 8), (8, 4), (19, 4), (0, 0), (11, 0), (3, 17), (14, 17), (0, 9), (11, 9), (15, 0), (15, 9), (10, 22), (7, 5), (18, 5), (15, 18), (7, 14), (18, 14), (3, 1), (14, 1), (3, 10), (14, 10), (19, 6), (3, 19), (14, 19), (0, 2), (11, 2), (15, 2), (10, 15), (15, 11), (7, 7), (18, 7), (2, 20), (7, 16), (18, 16), (3, 3), (14, 3), (3, 12), (14, 12), (11, 4), (3, 21), (14, 21), (10, 8), (15, 4), (10, 17), (7, 0), (18, 0), (2, 13), (15, 13), (7, 9), (18, 9), (2, 22), (18, 18), (3, 5), (14, 5), (6, 22), (3, 14), (14, 14), (10, 1), (10, 10), (15, 6), (2, 6), (7, 2), (18, 2), (10, 19), (2, 15), (7, 8), (7, 11), (18, 11), (6, 15), (3, 7), (14, 7), (3, 16), (14, 16), (10, 3), (17, 18), (10, 12), (10, 21), (7, 4), (18, 4), (2, 17), (6, 8), (3, 0), (14, 0), (6, 17), (3, 9), (14, 9), (3, 18), (14, 18), (10, 5), (17, 20), (2, 1), (10, 14), (2, 10), (2, 19), (6, 10), (6, 19), (14, 2), (3, 11), (17, 13), (10, 7), (2, 3), (10, 16), (17, 22), (9, 18), (2, 12), (2, 21), (6, 3), (6, 12), (3, 4), (14, 4), (6, 21), (17, 6), (10, 0), (17, 15), (10, 9), (9, 11), (5, 22), (2, 5), (10, 18), (9, 20), (2, 14), (6, 5), (13, 20), (14, 6), (17, 8), (10, 2), (9, 4), (17, 17), (10, 11), (9, 13), (2, 7), (9, 22), (2, 16), (13, 13), (6, 7), (13, 22), (6, 16), (16, 18), (17, 1), (5, 8), (17, 10), (10, 4), (9, 6), (5, 17), (17, 19), (2, 0), (9, 15), (10, 13), (2, 9), (13, 6), (2, 18), (6, 0), (13, 15), (6, 9), (16, 11), (1, 22), (6, 18), (16, 20), (5, 1), (17, 3), (5, 10), (17, 12), (10, 6), (9, 8), (2, 2), (5, 19), (17, 21), (9, 17), (2, 11), (13, 8), (6, 2), (1, 15), (13, 17), (6, 11), (16, 13), (6, 20), (16, 22), (5, 3), (17, 5), (9, 1), (12, 18), (5, 12), (9, 10), (5, 21), (2, 4), (9, 19), (13, 1), (1, 8), (6, 4), (16, 6), (1, 17), (13, 19), (6, 13), (5, 5), (17, 7), (12, 20), (9, 3), (5, 14), (9, 12), (9, 21), (13, 3), (1, 10), (6, 6), (16, 8), (1, 19), (13, 21), (16, 17), (17, 0), (12, 13), (5, 7), (17, 9), (9, 5), (12, 22), (5, 16), (4, 18), (9, 14), (1, 3), (13, 5), (1, 12), (13, 14), (16, 10), (16, 19), (12, 6), (5, 0), (17, 2), (12, 15), (5, 9), (4, 11), (17, 11), (9, 7), (5, 18), (4, 20), (9, 16), (1, 5), (13, 7), (6, 1), (16, 3), (8, 20), (1, 14), (13, 16), (19, 20), (16, 12), (16, 21), (12, 8), (5, 2), (17, 4), (4, 4), (9, 0), (12, 17), (5, 11), (4, 13), (9, 9), (4, 22), (13, 0), (8, 13), (19, 13), (1, 7), (13, 9), (8, 22), (19, 22), (16, 5), (0, 18), (11, 18), (1, 16), (13, 18), (16, 14), (12, 1), (12, 10), (5, 4), (4, 6), (12, 19), (9, 2), (4, 15), (8, 6), (1, 0), (13, 2), (8, 15), (19, 15), (1, 9), (0, 11), (11, 11), (16, 7), (1, 18), (0, 20), (11, 20), (16, 16), (15, 20), (12, 3), (12, 12), (5, 6), (4, 8), (12, 21), (4, 17), (8, 8), (19, 8), (1, 2), (0, 4), (13, 4), (8, 17), (19, 17), (16, 0), (0, 13), (11, 13), (1, 11), (16, 9), (1, 20), (0, 22), (11, 22), (12, 5), (15, 22), (4, 1), (7, 18), (12, 14), (4, 10), (4, 19), (19, 1), (8, 10), (19, 10), (1, 4), (0, 6), (16, 2), (8, 19), (1, 13), (19, 19), (0, 15), (11, 15), (15, 15), (12, 7), (7, 20), (18, 20), (4, 3), (12, 16), (4, 12), (4, 21), (8, 3), (19, 3), (8, 12), (19, 12), (1, 6), (0, 8), (11, 8), (8, 21), (19, 21), (16, 4), (0, 17), (11, 17), (15, 8), (12, 0), (15, 17), (7, 13), (18, 13), (12, 9), (4, 5), (7, 22), (18, 22), (4, 14), (8, 5), (19, 5), (0, 1), (11, 1), (8, 14), (19, 14), (0, 10), (11, 10), (0, 19), (15, 1), (11, 19), (15, 10), (7, 6), (18, 6), (15, 19), (12, 2), (7, 15), (18, 15), (4, 7), (4, 16), (8, 7), (19, 7), (1, 1), (11, 3), (0, 3), (8, 16), (19, 16), (3, 20), (0, 12), (11, 12), (14, 20), (0, 21), (11, 21), (15, 3), (15, 12), (18, 8)})
tr: 15, succ: 13
ino: {(6, (0, 0))}, outo: {(6, (0, 0))}
loc: (4, 9)
oplcd: frozenset({(6, (4, 9))})
oplcdi: frozenset({(4, 9)})
Updated gi: ((3, 3, 3, 3, 3, 3, 3, 3, 3, 3, 3, 3, 3, 3, 3, 3, 3, 3, 3, 3, 3, 3, 3), (3, 3, 3, 3, 3, 3, 3, 3, 3, 3, 3, 3, 3, 3, 3, 3, 3, 3, 3, 3, 3, 6, 3), (3, 3, 3, 3, 3, 3, 3, 3, 6, 3, 3, 3, 3, 3, 3, 3, 3, 3, 3, 3, 3, 3, 3), (3, 3, 8, 3, 3, 3, 3, 3, 8, 3, 3, 3, 3, 3, 3, 3, 3, 3, 3, 3, 3, 3, 3), (3, 3, 3, 3, 3, 3, 3, 3, 3, 6, 3, 3, 3, 3, 3, 3, 3, 3, 3, 3, 3, 3, 3), (3, 3, 3, 3, 3, 3, 3, 3, 3, 3, 3, 3, 3, 8, 3, 8, 3, 3, 3, 3, 8, 3, 3), (3, 3, 3, 3, 3, 3, 3, 3, 3, 3, 3, 3, 3, 3, 6, 3, 3, 3, 3, 3, 3, 3, 3), (3, 3, 3, 3, 3, 3, 3, 3, 3, 3, 3, 3, 3, 3, 3, 3, 3, 3, 3, 3, 3, 3, 3), (3, 8, 3, 3, 3, 3, 3, 3, 3, 3, 3, 3, 3, 3, 3, 3, 3, 3, 3, 3, 3, 3, 3), (3, 3, 3, 3, 3, 3, 3, 3, 3, 3, 3, 3, 3, 3, 3, 3, 3, 3, 3, 3, 3, 3, 3), (3, 3, 3, 3, 3, 3, 3, 3, 3, 3, 3, 3, 3, 3, 3, 3, 3, 3, 3, 3, 3, 3, 3), (3, 3, 3, 3, 3, 3, 8, 3, 3, 3, 3, 3, 3, 3, 3, 3, 3, 3, 3, 3, 3, 3, 3), (3, 3, 3, 3, 3, 3, 3, 3, 3, 3, 3, 3, 3, 3, 3, 3, 3, 3, 3, 3, 3, 3, 3), (3, 3, 3, 3, 3, 3, 3, 3, 3, 3, 3, 1, 3, 3, 3, 3, 3, 3, 3, 3, 3, 3, 3), (3, 3, 3, 3, 3, 3, 3, 3, 3, 3, 3, 3, 3, 3, 3, 3, 3, 3, 3, 3, 3, 3, 3), (3, 3, 3, 3, 3, 3, 3, 3, 3, 3, 3, 3, 3, 3, 3, 3, 3, 3, 3, 3, 3, 3, 3), (3, 6, 3, 3, 3, 3, 3, 3, 3, 3, 3, 3, 3, 3, 3, 2, 3, 3, 3, 3, 3, 3, 3), (3, 3, 3, 3, 3, 3, 3, 3, 3, 3, 3, 3, 3, 3, 3, 3, 3, 3, 3, 3, 3, 3, 3), (3, 3, 3, 3, 3, 3, 3, 3, 3, 3, 3, 3, 3, 3, 3, 3, 3, 3, 3, 3, 3, 3, 3), (3, 3, 3, 3, 3, 3, 3, 3, 3, 3, 3, 3, 3, 3, 3, 3, 3, 3, 3, 3, 3, 3, 3))
Updated inds: frozenset({(15, 21), (12, 4), (7, 17), (18, 17), (4, 0), (8, 0), (19, 0), (3, 13), (14, 13), (8, 9), (19, 9), (0, 5), (11, 5), (8, 18), (19, 18), (3, 22), (0, 14), (11, 14), (14, 22), (15, 5), (7, 1), (18, 1), (7, 10), (18, 10), (4, 2), (7, 19), (18, 19), (3, 6), (8, 2), (19, 2), (3, 15), (14, 15), (8, 11), (19, 11), (0, 7), (11, 7), (0, 16), (11, 16), (15, 7), (7, 3), (18, 3), (10, 20), (7, 12), (18, 12), (7, 21), (18, 21), (14, 8), (8, 4), (19, 4), (0, 0), (11, 0), (3, 17), (14, 17), (0, 9), (11, 9), (15, 0), (15, 9), (10, 22), (7, 5), (18, 5), (15, 18), (7, 14), (18, 14), (3, 1), (14, 1), (3, 10), (14, 10), (19, 6), (3, 19), (14, 19), (0, 2), (11, 2), (15, 2), (10, 15), (15, 11), (7, 7), (18, 7), (2, 20), (7, 16), (18, 16), (3, 3), (14, 3), (3, 12), (14, 12), (11, 4), (3, 21), (14, 21), (10, 8), (15, 4), (10, 17), (7, 0), (18, 0), (2, 13), (15, 13), (7, 9), (18, 9), (2, 22), (18, 18), (3, 5), (14, 5), (6, 22), (3, 14), (14, 14), (10, 1), (10, 10), (15, 6), (2, 6), (7, 2), (18, 2), (10, 19), (2, 15), (7, 11), (18, 11), (6, 15), (3, 7), (14, 7), (3, 16), (14, 16), (10, 3), (17, 18), (10, 12), (10, 21), (7, 4), (18, 4), (2, 17), (6, 8), (3, 0), (14, 0), (6, 17), (3, 9), (14, 9), (3, 18), (14, 18), (10, 5), (17, 20), (2, 1), (10, 14), (2, 10), (2, 19), (6, 10), (6, 19), (14, 2), (3, 11), (17, 13), (10, 7), (2, 3), (17, 22), (10, 16), (9, 18), (2, 12), (2, 21), (6, 3), (6, 12), (3, 4), (14, 4), (6, 21), (17, 6), (10, 0), (17, 15), (10, 9), (9, 11), (5, 22), (2, 5), (10, 18), (9, 20), (2, 14), (6, 5), (13, 20), (14, 6), (17, 8), (10, 2), (9, 4), (17, 17), (10, 11), (9, 13), (2, 7), (9, 22), (2, 16), (13, 13), (6, 7), (13, 22), (6, 16), (16, 18), (17, 1), (5, 8), (17, 10), (10, 4), (9, 6), (5, 17), (17, 19), (2, 0), (9, 15), (10, 13), (2, 9), (13, 6), (2, 18), (6, 0), (13, 15), (6, 9), (16, 11), (1, 22), (6, 18), (16, 20), (5, 1), (17, 3), (5, 10), (17, 12), (10, 6), (9, 8), (2, 2), (5, 19), (17, 21), (9, 17), (2, 11), (13, 8), (6, 2), (1, 15), (13, 17), (6, 11), (16, 13), (6, 20), (16, 22), (5, 3), (17, 5), (9, 1), (12, 18), (5, 12), (9, 10), (5, 21), (2, 4), (9, 19), (13, 1), (1, 8), (6, 4), (16, 6), (1, 17), (13, 19), (6, 13), (5, 5), (17, 7), (12, 20), (9, 3), (5, 14), (9, 12), (9, 21), (13, 3), (1, 10), (6, 6), (16, 8), (1, 19), (13, 21), (16, 17), (17, 0), (12, 13), (5, 7), (17, 9), (9, 5), (12, 22), (5, 16), (4, 18), (9, 14), (1, 3), (13, 5), (1, 12), (13, 14), (16, 10), (16, 19), (12, 6), (5, 0), (17, 2), (12, 15), (5, 9), (4, 11), (17, 11), (9, 7), (5, 18), (4, 20), (9, 16), (1, 5), (13, 7), (6, 1), (16, 3), (8, 20), (1, 14), (13, 16), (19, 20), (16, 12), (16, 21), (12, 8), (5, 2), (17, 4), (4, 4), (9, 0), (12, 17), (5, 11), (4, 13), (9, 9), (4, 22), (13, 0), (8, 13), (19, 13), (1, 7), (13, 9), (8, 22), (19, 22), (16, 5), (0, 18), (11, 18), (1, 16), (13, 18), (16, 14), (12, 1), (12, 10), (5, 4), (4, 6), (12, 19), (9, 2), (4, 15), (8, 6), (1, 0), (13, 2), (8, 15), (19, 15), (1, 9), (0, 11), (11, 11), (16, 7), (1, 18), (0, 20), (11, 20), (16, 16), (15, 20), (12, 3), (12, 12), (5, 6), (4, 8), (18, 8), (12, 21), (4, 17), (8, 8), (19, 8), (1, 2), (0, 4), (13, 4), (8, 17), (19, 17), (16, 0), (0, 13), (11, 13), (1, 11), (16, 9), (1, 20), (0, 22), (11, 22), (12, 5), (15, 22), (4, 1), (7, 18), (12, 14), (4, 10), (4, 19), (19, 1), (8, 10), (19, 10), (1, 4), (0, 6), (16, 2), (8, 19), (1, 13), (19, 19), (0, 15), (11, 15), (15, 15), (12, 7), (7, 20), (18, 20), (4, 3), (12, 16), (4, 12), (4, 21), (8, 3), (19, 3), (8, 12), (19, 12), (1, 6), (0, 8), (11, 8), (8, 21), (19, 21), (16, 4), (0, 17), (11, 17), (15, 8), (12, 0), (15, 17), (7, 13), (18, 13), (12, 9), (4, 5), (7, 22), (18, 22), (4, 14), (8, 5), (19, 5), (0, 1), (11, 1), (8, 14), (19, 14), (0, 10), (11, 10), (0, 19), (15, 1), (11, 19), (15, 10), (7, 6), (18, 6), (15, 19), (12, 2), (7, 15), (18, 15), (4, 7), (4, 16), (8, 7), (19, 7), (1, 1), (11, 3), (0, 3), (8, 16), (19, 16), (3, 20), (0, 12), (11, 12), (14, 20), (0, 21), (11, 21), (15, 3), (15, 12), (7, 8)})
tr: 16, succ: 14
ino: {(2, (1, 1))}, outo: {(4, (2, 0)), (4, (2, 2)), (4, (0, 2)), (2, (1, 1)), (4, (0, 0))}
loc: (16, 14)
oplcd: frozenset({(4, (18, 14)), (2, (17, 15)), (4, (18, 16)), (4, (16, 14)), (4, (16, 16))})
oplcdi: frozenset({(16, 16), (18, 16), (17, 15), (16, 14), (18, 14)})
Updated gi: ((3, 3, 3, 3, 3, 3, 3, 3, 3, 3, 3, 3, 3, 3, 3, 3, 3, 3, 3, 3, 3, 3, 3), (3, 3, 3, 3, 3, 3, 3, 3, 3, 3, 3, 3, 3, 3, 3, 3, 3, 3, 3, 3, 3, 6, 3), (3, 3, 3, 3, 3, 3, 3, 3, 6, 3, 3, 3, 3, 3, 3, 3, 3, 3, 3, 3, 3, 3, 3), (3, 3, 8, 3, 3, 3, 3, 3, 8, 3, 3, 3, 3, 3, 3, 3, 3, 3, 3, 3, 3, 3, 3), (3, 3, 3, 3, 3, 3, 3, 3, 3, 6, 3, 3, 3, 3, 3, 3, 3, 3, 3, 3, 3, 3, 3), (3, 3, 3, 3, 3, 3, 3, 3, 3, 3, 3, 3, 3, 8, 3, 8, 3, 3, 3, 3, 8, 3, 3), (3, 3, 3, 3, 3, 3, 3, 3, 3, 3, 3, 3, 3, 3, 6, 3, 3, 3, 3, 3, 3, 3, 3), (3, 3, 3, 3, 3, 3, 3, 3, 3, 3, 3, 3, 3, 3, 3, 3, 3, 3, 3, 3, 3, 3, 3), (3, 8, 3, 3, 3, 3, 3, 3, 3, 3, 3, 3, 3, 3, 3, 3, 3, 3, 3, 3, 3, 3, 3), (3, 3, 3, 3, 3, 3, 3, 3, 3, 3, 3, 3, 3, 3, 3, 3, 3, 3, 3, 3, 3, 3, 3), (3, 3, 3, 3, 3, 3, 3, 3, 3, 3, 3, 3, 3, 3, 3, 3, 3, 3, 3, 3, 3, 3, 3), (3, 3, 3, 3, 3, 3, 8, 3, 3, 3, 3, 3, 3, 3, 3, 3, 3, 3, 3, 3, 3, 3, 3), (3, 3, 3, 3, 3, 3, 3, 3, 3, 3, 3, 3, 3, 3, 3, 3, 3, 3, 3, 3, 3, 3, 3), (3, 3, 3, 3, 3, 3, 3, 3, 3, 3, 3, 1, 3, 3, 3, 3, 3, 3, 3, 3, 3, 3, 3), (3, 3, 3, 3, 3, 3, 3, 3, 3, 3, 3, 3, 3, 3, 3, 3, 3, 3, 3, 3, 3, 3, 3), (3, 3, 3, 3, 3, 3, 3, 3, 3, 3, 3, 3, 3, 3, 3, 3, 3, 3, 3, 3, 3, 3, 3), (3, 6, 3, 3, 3, 3, 3, 3, 3, 3, 3, 3, 3, 3, 3, 2, 3, 3, 3, 3, 3, 3, 3), (3, 3, 3, 3, 3, 3, 3, 3, 3, 3, 3, 3, 3, 3, 3, 2, 3, 3, 3, 3, 3, 3, 3), (3, 3, 3, 3, 3, 3, 3, 3, 3, 3, 3, 3, 3, 3, 3, 3, 3, 3, 3, 3, 3, 3, 3), (3, 3, 3, 3, 3, 3, 3, 3, 3, 3, 3, 3, 3, 3, 3, 3, 3, 3, 3, 3, 3, 3, 3))
Updated inds: frozenset({(15, 21), (12, 4), (7, 17), (18, 17), (4, 0), (8, 0), (19, 0), (3, 13), (14, 13), (8, 9), (19, 9), (0, 5), (11, 5), (8, 18), (19, 18), (3, 22), (0, 14), (11, 14), (14, 22), (15, 5), (7, 1), (18, 1), (7, 10), (18, 10), (4, 2), (7, 19), (18, 19), (3, 6), (8, 2), (19, 2), (3, 15), (14, 15), (8, 11), (19, 11), (0, 7), (11, 7), (0, 16), (11, 16), (15, 7), (7, 3), (18, 3), (10, 20), (7, 12), (18, 12), (7, 21), (18, 21), (14, 8), (8, 4), (19, 4), (0, 0), (11, 0), (3, 17), (14, 17), (0, 9), (11, 9), (15, 0), (15, 9), (10, 22), (7, 5), (18, 5), (15, 18), (7, 14), (3, 1), (14, 1), (3, 10), (14, 10), (19, 6), (3, 19), (14, 19), (0, 2), (11, 2), (15, 2), (10, 15), (15, 11), (7, 7), (18, 7), (2, 20), (7, 16), (3, 3), (14, 3), (3, 12), (14, 12), (11, 4), (3, 21), (14, 21), (10, 8), (15, 4), (10, 17), (7, 0), (18, 0), (2, 13), (15, 13), (7, 9), (18, 9), (2, 22), (18, 18), (3, 5), (14, 5), (6, 22), (3, 14), (14, 14), (10, 1), (10, 10), (15, 6), (2, 6), (7, 2), (18, 2), (10, 19), (2, 15), (7, 8), (7, 11), (18, 11), (6, 15), (3, 7), (14, 7), (3, 16), (14, 16), (10, 3), (17, 18), (10, 12), (10, 21), (7, 4), (18, 4), (2, 17), (6, 8), (3, 0), (14, 0), (6, 17), (3, 9), (14, 9), (3, 18), (14, 18), (10, 5), (17, 20), (2, 1), (10, 14), (2, 10), (2, 19), (6, 10), (6, 19), (14, 2), (3, 11), (17, 13), (10, 7), (2, 3), (17, 22), (10, 16), (9, 18), (2, 12), (2, 21), (6, 3), (6, 12), (3, 4), (14, 4), (6, 21), (17, 6), (10, 0), (10, 9), (9, 11), (5, 22), (2, 5), (10, 18), (9, 20), (2, 14), (6, 5), (13, 20), (14, 6), (17, 8), (10, 2), (9, 4), (17, 17), (10, 11), (9, 13), (2, 7), (9, 22), (2, 16), (13, 13), (6, 7), (13, 22), (6, 16), (16, 18), (17, 1), (5, 8), (17, 10), (10, 4), (9, 6), (5, 17), (17, 19), (2, 0), (9, 15), (10, 13), (2, 9), (13, 6), (2, 18), (6, 0), (13, 15), (6, 9), (16, 11), (1, 22), (6, 18), (16, 20), (5, 1), (17, 3), (5, 10), (17, 12), (10, 6), (9, 8), (2, 2), (5, 19), (17, 21), (9, 17), (2, 11), (13, 8), (6, 2), (1, 15), (13, 17), (6, 11), (16, 13), (6, 20), (16, 22), (5, 3), (17, 5), (9, 1), (12, 18), (5, 12), (9, 10), (5, 21), (2, 4), (9, 19), (13, 1), (1, 8), (6, 4), (16, 6), (1, 17), (13, 19), (6, 13), (5, 5), (17, 7), (12, 20), (9, 3), (5, 14), (9, 12), (9, 21), (13, 3), (1, 10), (6, 6), (16, 8), (1, 19), (13, 21), (16, 17), (17, 0), (12, 13), (5, 7), (17, 9), (9, 5), (12, 22), (5, 16), (4, 18), (9, 14), (1, 3), (13, 5), (1, 12), (13, 14), (16, 10), (16, 19), (12, 6), (5, 0), (17, 2), (12, 15), (5, 9), (4, 11), (17, 11), (9, 7), (5, 18), (4, 20), (9, 16), (1, 5), (13, 7), (6, 1), (16, 3), (8, 20), (1, 14), (13, 16), (19, 20), (16, 12), (16, 21), (12, 8), (5, 2), (17, 4), (4, 4), (9, 0), (12, 17), (5, 11), (4, 13), (9, 9), (4, 22), (13, 0), (8, 13), (19, 13), (1, 7), (13, 9), (8, 22), (19, 22), (16, 5), (0, 18), (11, 18), (1, 16), (13, 18), (12, 1), (12, 10), (5, 4), (4, 6), (12, 19), (9, 2), (4, 15), (8, 6), (1, 0), (13, 2), (8, 15), (19, 15), (1, 9), (0, 11), (11, 11), (16, 7), (1, 18), (0, 20), (11, 20), (15, 20), (12, 3), (12, 12), (5, 6), (4, 8), (12, 21), (4, 17), (8, 8), (19, 8), (1, 2), (0, 4), (13, 4), (8, 17), (19, 17), (16, 0), (0, 13), (11, 13), (1, 11), (16, 9), (1, 20), (0, 22), (11, 22), (12, 5), (15, 22), (4, 1), (7, 18), (12, 14), (4, 10), (4, 19), (19, 1), (8, 10), (19, 10), (1, 4), (0, 6), (16, 2), (8, 19), (1, 13), (19, 19), (0, 15), (11, 15), (15, 15), (12, 7), (7, 20), (18, 20), (4, 3), (12, 16), (4, 12), (4, 21), (8, 3), (19, 3), (8, 12), (19, 12), (1, 6), (0, 8), (11, 8), (8, 21), (19, 21), (16, 4), (0, 17), (11, 17), (15, 8), (12, 0), (15, 17), (7, 13), (18, 13), (12, 9), (4, 5), (7, 22), (18, 22), (4, 14), (8, 5), (19, 5), (0, 1), (11, 1), (8, 14), (19, 14), (0, 10), (11, 10), (0, 19), (15, 1), (11, 19), (15, 10), (7, 6), (18, 6), (15, 19), (12, 2), (7, 15), (18, 15), (4, 7), (4, 16), (8, 7), (19, 7), (1, 1), (11, 3), (0, 3), (8, 16), (19, 16), (3, 20), (0, 12), (11, 12), (14, 20), (0, 21), (11, 21), (15, 3), (15, 12), (18, 8)})
tr: 17, succ: 15
ino: {(8, (0, 0))}, outo: {(8, (0, 0))}
loc: (7, 5)
oplcd: frozenset({(8, (7, 5))})
oplcdi: frozenset({(7, 5)})
Updated gi: ((3, 3, 3, 3, 3, 3, 3, 3, 3, 3, 3, 3, 3, 3, 3, 3, 3, 3, 3, 3, 3, 3, 3), (3, 3, 3, 3, 3, 3, 3, 3, 3, 3, 3, 3, 3, 3, 3, 3, 3, 3, 3, 3, 3, 6, 3), (3, 3, 3, 3, 3, 3, 3, 3, 6, 3, 3, 3, 3, 3, 3, 3, 3, 3, 3, 3, 3, 3, 3), (3, 3, 8, 3, 3, 3, 3, 3, 8, 3, 3, 3, 3, 3, 3, 3, 3, 3, 3, 3, 3, 3, 3), (3, 3, 3, 3, 3, 3, 3, 3, 3, 6, 3, 3, 3, 3, 3, 3, 3, 3, 3, 3, 3, 3, 3), (3, 3, 3, 3, 3, 3, 3, 3, 3, 3, 3, 3, 3, 8, 3, 8, 3, 3, 3, 3, 8, 3, 3), (3, 3, 3, 3, 3, 3, 3, 3, 3, 3, 3, 3, 3, 3, 6, 3, 3, 3, 3, 3, 3, 3, 3), (3, 3, 3, 3, 3, 8, 3, 3, 3, 3, 3, 3, 3, 3, 3, 3, 3, 3, 3, 3, 3, 3, 3), (3, 8, 3, 3, 3, 3, 3, 3, 3, 3, 3, 3, 3, 3, 3, 3, 3, 3, 3, 3, 3, 3, 3), (3, 3, 3, 3, 3, 3, 3, 3, 3, 3, 3, 3, 3, 3, 3, 3, 3, 3, 3, 3, 3, 3, 3), (3, 3, 3, 3, 3, 3, 3, 3, 3, 3, 3, 3, 3, 3, 3, 3, 3, 3, 3, 3, 3, 3, 3), (3, 3, 3, 3, 3, 3, 8, 3, 3, 3, 3, 3, 3, 3, 3, 3, 3, 3, 3, 3, 3, 3, 3), (3, 3, 3, 3, 3, 3, 3, 3, 3, 3, 3, 3, 3, 3, 3, 3, 3, 3, 3, 3, 3, 3, 3), (3, 3, 3, 3, 3, 3, 3, 3, 3, 3, 3, 1, 3, 3, 3, 3, 3, 3, 3, 3, 3, 3, 3), (3, 3, 3, 3, 3, 3, 3, 3, 3, 3, 3, 3, 3, 3, 3, 3, 3, 3, 3, 3, 3, 3, 3), (3, 3, 3, 3, 3, 3, 3, 3, 3, 3, 3, 3, 3, 3, 3, 3, 3, 3, 3, 3, 3, 3, 3), (3, 6, 3, 3, 3, 3, 3, 3, 3, 3, 3, 3, 3, 3, 3, 2, 3, 3, 3, 3, 3, 3, 3), (3, 3, 3, 3, 3, 3, 3, 3, 3, 3, 3, 3, 3, 3, 3, 2, 3, 3, 3, 3, 3, 3, 3), (3, 3, 3, 3, 3, 3, 3, 3, 3, 3, 3, 3, 3, 3, 3, 3, 3, 3, 3, 3, 3, 3, 3), (3, 3, 3, 3, 3, 3, 3, 3, 3, 3, 3, 3, 3, 3, 3, 3, 3, 3, 3, 3, 3, 3, 3))
Updated inds: frozenset({(15, 21), (12, 4), (7, 17), (18, 17), (4, 0), (8, 0), (19, 0), (3, 13), (14, 13), (8, 9), (19, 9), (0, 5), (11, 5), (8, 18), (19, 18), (3, 22), (0, 14), (11, 14), (14, 22), (15, 5), (7, 1), (18, 1), (7, 10), (18, 10), (4, 2), (7, 19), (18, 19), (3, 6), (8, 2), (19, 2), (3, 15), (14, 15), (8, 11), (19, 11), (0, 7), (11, 7), (0, 16), (11, 16), (15, 7), (7, 3), (18, 3), (10, 20), (7, 12), (18, 12), (7, 21), (18, 21), (14, 8), (8, 4), (19, 4), (0, 0), (11, 0), (3, 17), (14, 17), (0, 9), (11, 9), (15, 0), (15, 9), (10, 22), (18, 5), (15, 18), (7, 14), (3, 1), (14, 1), (3, 10), (14, 10), (19, 6), (3, 19), (14, 19), (0, 2), (11, 2), (15, 2), (10, 15), (15, 11), (7, 7), (18, 7), (2, 20), (7, 16), (3, 3), (14, 3), (3, 12), (14, 12), (11, 4), (3, 21), (14, 21), (10, 8), (15, 4), (10, 17), (7, 0), (18, 0), (2, 13), (15, 13), (7, 9), (18, 9), (2, 22), (18, 18), (3, 5), (14, 5), (6, 22), (3, 14), (14, 14), (10, 1), (10, 10), (15, 6), (2, 6), (7, 2), (18, 2), (10, 19), (2, 15), (7, 11), (18, 11), (6, 15), (3, 7), (14, 7), (3, 16), (14, 16), (10, 3), (17, 18), (10, 12), (10, 21), (7, 4), (18, 4), (2, 17), (6, 8), (3, 0), (14, 0), (6, 17), (3, 9), (14, 9), (3, 18), (14, 18), (10, 5), (17, 20), (2, 1), (10, 14), (2, 10), (2, 19), (6, 10), (6, 19), (14, 2), (3, 11), (17, 13), (10, 7), (2, 3), (17, 22), (10, 16), (9, 18), (2, 12), (2, 21), (6, 3), (6, 12), (3, 4), (14, 4), (6, 21), (17, 6), (10, 0), (10, 9), (9, 11), (5, 22), (2, 5), (10, 18), (9, 20), (2, 14), (6, 5), (13, 20), (14, 6), (17, 8), (10, 2), (9, 4), (17, 17), (10, 11), (9, 13), (2, 7), (9, 22), (2, 16), (13, 13), (6, 7), (13, 22), (6, 16), (16, 18), (17, 1), (5, 8), (17, 10), (10, 4), (9, 6), (5, 17), (17, 19), (2, 0), (9, 15), (10, 13), (2, 9), (13, 6), (2, 18), (6, 0), (13, 15), (6, 9), (16, 11), (1, 22), (6, 18), (16, 20), (5, 1), (17, 3), (5, 10), (17, 12), (10, 6), (9, 8), (2, 2), (5, 19), (17, 21), (9, 17), (2, 11), (13, 8), (6, 2), (1, 15), (13, 17), (6, 11), (16, 13), (6, 20), (16, 22), (5, 3), (17, 5), (9, 1), (12, 18), (5, 12), (9, 10), (5, 21), (2, 4), (9, 19), (13, 1), (1, 8), (6, 4), (16, 6), (1, 17), (13, 19), (6, 13), (5, 5), (17, 7), (12, 20), (9, 3), (5, 14), (9, 12), (9, 21), (13, 3), (1, 10), (6, 6), (16, 8), (1, 19), (13, 21), (16, 17), (17, 0), (12, 13), (5, 7), (17, 9), (9, 5), (12, 22), (5, 16), (4, 18), (9, 14), (1, 3), (13, 5), (1, 12), (13, 14), (16, 10), (16, 19), (12, 6), (5, 0), (17, 2), (12, 15), (5, 9), (4, 11), (17, 11), (9, 7), (5, 18), (4, 20), (9, 16), (1, 5), (13, 7), (6, 1), (16, 3), (8, 20), (1, 14), (13, 16), (19, 20), (16, 12), (16, 21), (12, 8), (5, 2), (17, 4), (4, 4), (9, 0), (12, 17), (5, 11), (4, 13), (9, 9), (4, 22), (13, 0), (8, 13), (19, 13), (1, 7), (13, 9), (8, 22), (19, 22), (16, 5), (0, 18), (11, 18), (1, 16), (13, 18), (12, 1), (12, 10), (5, 4), (4, 6), (12, 19), (9, 2), (4, 15), (8, 6), (1, 0), (13, 2), (8, 15), (19, 15), (1, 9), (0, 11), (11, 11), (16, 7), (1, 18), (0, 20), (11, 20), (15, 20), (12, 3), (12, 12), (5, 6), (4, 8), (18, 8), (12, 21), (4, 17), (8, 8), (19, 8), (1, 2), (0, 4), (13, 4), (8, 17), (19, 17), (16, 0), (0, 13), (11, 13), (1, 11), (16, 9), (1, 20), (0, 22), (11, 22), (12, 5), (15, 22), (4, 1), (7, 18), (12, 14), (4, 10), (4, 19), (19, 1), (8, 10), (19, 10), (1, 4), (0, 6), (16, 2), (8, 19), (1, 13), (19, 19), (0, 15), (11, 15), (15, 15), (12, 7), (7, 20), (18, 20), (4, 3), (12, 16), (4, 12), (4, 21), (8, 3), (19, 3), (8, 12), (19, 12), (1, 6), (0, 8), (11, 8), (8, 21), (19, 21), (16, 4), (0, 17), (11, 17), (15, 8), (12, 0), (15, 17), (7, 13), (18, 13), (12, 9), (4, 5), (7, 22), (18, 22), (4, 14), (8, 5), (19, 5), (0, 1), (11, 1), (8, 14), (19, 14), (0, 10), (11, 10), (0, 19), (15, 1), (11, 19), (15, 10), (7, 6), (18, 6), (15, 19), (12, 2), (7, 15), (18, 15), (4, 7), (4, 16), (8, 7), (19, 7), (1, 1), (11, 3), (0, 3), (8, 16), (19, 16), (3, 20), (0, 12), (11, 12), (14, 20), (0, 21), (11, 21), (15, 3), (15, 12), (7, 8)})
tr: 18, succ: 16
ino: {(2, (1, 1))}, outo: {(4, (2, 0)), (4, (2, 2)), (4, (0, 2)), (2, (1, 1)), (4, (0, 0))}
loc: (3, 5)
oplcd: frozenset({(4, (5, 7)), (4, (3, 5)), (4, (3, 7)), (2, (4, 6)), (4, (5, 5))})
oplcdi: frozenset({(5, 5), (3, 7), (4, 6), (5, 7), (3, 5)})
Updated gi: ((3, 3, 3, 3, 3, 3, 3, 3, 3, 3, 3, 3, 3, 3, 3, 3, 3, 3, 3, 3, 3, 3, 3), (3, 3, 3, 3, 3, 3, 3, 3, 3, 3, 3, 3, 3, 3, 3, 3, 3, 3, 3, 3, 3, 6, 3), (3, 3, 3, 3, 3, 3, 3, 3, 6, 3, 3, 3, 3, 3, 3, 3, 3, 3, 3, 3, 3, 3, 3), (3, 3, 8, 3, 3, 3, 3, 3, 8, 3, 3, 3, 3, 3, 3, 3, 3, 3, 3, 3, 3, 3, 3), (3, 3, 3, 3, 3, 3, 2, 3, 3, 6, 3, 3, 3, 3, 3, 3, 3, 3, 3, 3, 3, 3, 3), (3, 3, 3, 3, 3, 3, 3, 3, 3, 3, 3, 3, 3, 8, 3, 8, 3, 3, 3, 3, 8, 3, 3), (3, 3, 3, 3, 3, 3, 3, 3, 3, 3, 3, 3, 3, 3, 6, 3, 3, 3, 3, 3, 3, 3, 3), (3, 3, 3, 3, 3, 8, 3, 3, 3, 3, 3, 3, 3, 3, 3, 3, 3, 3, 3, 3, 3, 3, 3), (3, 8, 3, 3, 3, 3, 3, 3, 3, 3, 3, 3, 3, 3, 3, 3, 3, 3, 3, 3, 3, 3, 3), (3, 3, 3, 3, 3, 3, 3, 3, 3, 3, 3, 3, 3, 3, 3, 3, 3, 3, 3, 3, 3, 3, 3), (3, 3, 3, 3, 3, 3, 3, 3, 3, 3, 3, 3, 3, 3, 3, 3, 3, 3, 3, 3, 3, 3, 3), (3, 3, 3, 3, 3, 3, 8, 3, 3, 3, 3, 3, 3, 3, 3, 3, 3, 3, 3, 3, 3, 3, 3), (3, 3, 3, 3, 3, 3, 3, 3, 3, 3, 3, 3, 3, 3, 3, 3, 3, 3, 3, 3, 3, 3, 3), (3, 3, 3, 3, 3, 3, 3, 3, 3, 3, 3, 1, 3, 3, 3, 3, 3, 3, 3, 3, 3, 3, 3), (3, 3, 3, 3, 3, 3, 3, 3, 3, 3, 3, 3, 3, 3, 3, 3, 3, 3, 3, 3, 3, 3, 3), (3, 3, 3, 3, 3, 3, 3, 3, 3, 3, 3, 3, 3, 3, 3, 3, 3, 3, 3, 3, 3, 3, 3), (3, 6, 3, 3, 3, 3, 3, 3, 3, 3, 3, 3, 3, 3, 3, 2, 3, 3, 3, 3, 3, 3, 3), (3, 3, 3, 3, 3, 3, 3, 3, 3, 3, 3, 3, 3, 3, 3, 2, 3, 3, 3, 3, 3, 3, 3), (3, 3, 3, 3, 3, 3, 3, 3, 3, 3, 3, 3, 3, 3, 3, 3, 3, 3, 3, 3, 3, 3, 3), (3, 3, 3, 3, 3, 3, 3, 3, 3, 3, 3, 3, 3, 3, 3, 3, 3, 3, 3, 3, 3, 3, 3))
Updated inds: frozenset({(15, 21), (12, 4), (7, 17), (18, 17), (4, 0), (8, 0), (19, 0), (3, 13), (14, 13), (8, 9), (19, 9), (0, 5), (11, 5), (8, 18), (19, 18), (3, 22), (0, 14), (11, 14), (14, 22), (15, 5), (7, 1), (18, 1), (7, 10), (18, 10), (4, 2), (7, 19), (18, 19), (3, 6), (8, 2), (19, 2), (3, 15), (14, 15), (8, 11), (19, 11), (0, 7), (11, 7), (0, 16), (11, 16), (15, 7), (7, 3), (18, 3), (10, 20), (7, 12), (18, 12), (7, 21), (18, 21), (14, 8), (8, 4), (19, 4), (0, 0), (11, 0), (3, 17), (14, 17), (0, 9), (11, 9), (15, 0), (15, 9), (10, 22), (18, 5), (15, 18), (7, 14), (3, 1), (14, 1), (3, 10), (14, 10), (19, 6), (3, 19), (14, 19), (0, 2), (11, 2), (15, 2), (10, 15), (15, 11), (7, 7), (18, 7), (2, 20), (7, 16), (3, 3), (14, 3), (3, 12), (14, 12), (11, 4), (3, 21), (14, 21), (10, 8), (15, 4), (10, 17), (7, 0), (18, 0), (2, 13), (15, 13), (7, 9), (18, 9), (2, 22), (18, 18), (14, 5), (6, 22), (3, 14), (14, 14), (10, 1), (10, 10), (15, 6), (2, 6), (7, 2), (18, 2), (10, 19), (2, 15), (7, 8), (7, 11), (18, 11), (6, 15), (14, 7), (3, 16), (14, 16), (10, 3), (17, 18), (10, 12), (10, 21), (7, 4), (18, 4), (2, 17), (6, 8), (3, 0), (14, 0), (6, 17), (3, 9), (14, 9), (3, 18), (14, 18), (10, 5), (17, 20), (2, 1), (10, 14), (2, 10), (2, 19), (6, 10), (6, 19), (14, 2), (3, 11), (17, 13), (10, 7), (2, 3), (17, 22), (10, 16), (9, 18), (2, 12), (2, 21), (6, 3), (6, 12), (3, 4), (14, 4), (6, 21), (17, 6), (10, 0), (10, 9), (9, 11), (5, 22), (2, 5), (10, 18), (9, 20), (2, 14), (6, 5), (13, 20), (14, 6), (17, 8), (10, 2), (9, 4), (17, 17), (10, 11), (9, 13), (2, 7), (9, 22), (2, 16), (13, 13), (6, 7), (13, 22), (6, 16), (16, 18), (17, 1), (5, 8), (17, 10), (10, 4), (9, 6), (5, 17), (17, 19), (2, 0), (9, 15), (10, 13), (2, 9), (13, 6), (2, 18), (6, 0), (13, 15), (6, 9), (16, 11), (1, 22), (6, 18), (16, 20), (5, 1), (17, 3), (5, 10), (17, 12), (10, 6), (9, 8), (2, 2), (5, 19), (17, 21), (9, 17), (2, 11), (13, 8), (6, 2), (1, 15), (13, 17), (6, 11), (16, 13), (6, 20), (16, 22), (5, 3), (17, 5), (9, 1), (12, 18), (5, 12), (9, 10), (5, 21), (2, 4), (9, 19), (13, 1), (1, 8), (6, 4), (16, 6), (1, 17), (13, 19), (6, 13), (17, 7), (12, 20), (9, 3), (5, 14), (9, 12), (9, 21), (13, 3), (1, 10), (6, 6), (16, 8), (1, 19), (13, 21), (16, 17), (17, 0), (12, 13), (17, 9), (9, 5), (12, 22), (5, 16), (4, 18), (9, 14), (1, 3), (13, 5), (1, 12), (13, 14), (16, 10), (16, 19), (12, 6), (5, 0), (17, 2), (12, 15), (5, 9), (4, 11), (17, 11), (9, 7), (5, 18), (4, 20), (9, 16), (1, 5), (13, 7), (6, 1), (16, 3), (8, 20), (1, 14), (13, 16), (19, 20), (16, 12), (16, 21), (12, 8), (5, 2), (17, 4), (4, 4), (9, 0), (12, 17), (5, 11), (4, 13), (9, 9), (4, 22), (13, 0), (8, 13), (19, 13), (1, 7), (13, 9), (8, 22), (19, 22), (16, 5), (0, 18), (11, 18), (1, 16), (13, 18), (12, 1), (12, 10), (5, 4), (12, 19), (9, 2), (4, 15), (8, 6), (1, 0), (13, 2), (8, 15), (19, 15), (1, 9), (0, 11), (11, 11), (16, 7), (1, 18), (0, 20), (11, 20), (15, 20), (12, 3), (12, 12), (5, 6), (4, 8), (12, 21), (4, 17), (8, 8), (19, 8), (1, 2), (0, 4), (13, 4), (8, 17), (19, 17), (16, 0), (0, 13), (11, 13), (1, 11), (16, 9), (1, 20), (0, 22), (11, 22), (12, 5), (15, 22), (4, 1), (7, 18), (12, 14), (4, 10), (4, 19), (19, 1), (8, 10), (19, 10), (1, 4), (0, 6), (16, 2), (8, 19), (1, 13), (19, 19), (0, 15), (11, 15), (15, 15), (12, 7), (7, 20), (18, 20), (4, 3), (12, 16), (4, 12), (4, 21), (8, 3), (19, 3), (8, 12), (19, 12), (1, 6), (0, 8), (11, 8), (8, 21), (19, 21), (16, 4), (0, 17), (11, 17), (15, 8), (12, 0), (15, 17), (7, 13), (18, 13), (12, 9), (4, 5), (7, 22), (18, 22), (4, 14), (8, 5), (19, 5), (0, 1), (11, 1), (8, 14), (19, 14), (0, 10), (11, 10), (0, 19), (15, 1), (11, 19), (15, 10), (7, 6), (18, 6), (15, 19), (12, 2), (7, 15), (18, 15), (4, 7), (4, 16), (8, 7), (19, 7), (1, 1), (11, 3), (0, 3), (8, 16), (19, 16), (3, 20), (0, 12), (11, 12), (14, 20), (0, 21), (11, 21), (15, 3), (15, 12), (18, 8)})
tr: 19, succ: 17
ino: {(1, (1, 1))}, outo: {(7, (2, 1)), (1, (1, 1)), (7, (1, 2)), (7, (0, 1)), (7, (1, 0))}
loc: (1, 2)
oplcd: frozenset({(7, (2, 4)), (7, (1, 3)), (7, (3, 3)), (1, (2, 3)), (7, (2, 2))})
oplcdi: frozenset({(2, 4), (2, 3), (3, 3), (2, 2), (1, 3)})
Updated gi: ((3, 3, 3, 3, 3, 3, 3, 3, 3, 3, 3, 3, 3, 3, 3, 3, 3, 3, 3, 3, 3, 3, 3), (3, 3, 3, 3, 3, 3, 3, 3, 3, 3, 3, 3, 3, 3, 3, 3, 3, 3, 3, 3, 3, 6, 3), (3, 3, 3, 1, 3, 3, 3, 3, 6, 3, 3, 3, 3, 3, 3, 3, 3, 3, 3, 3, 3, 3, 3), (3, 3, 8, 3, 3, 3, 3, 3, 8, 3, 3, 3, 3, 3, 3, 3, 3, 3, 3, 3, 3, 3, 3), (3, 3, 3, 3, 3, 3, 2, 3, 3, 6, 3, 3, 3, 3, 3, 3, 3, 3, 3, 3, 3, 3, 3), (3, 3, 3, 3, 3, 3, 3, 3, 3, 3, 3, 3, 3, 8, 3, 8, 3, 3, 3, 3, 8, 3, 3), (3, 3, 3, 3, 3, 3, 3, 3, 3, 3, 3, 3, 3, 3, 6, 3, 3, 3, 3, 3, 3, 3, 3), (3, 3, 3, 3, 3, 8, 3, 3, 3, 3, 3, 3, 3, 3, 3, 3, 3, 3, 3, 3, 3, 3, 3), (3, 8, 3, 3, 3, 3, 3, 3, 3, 3, 3, 3, 3, 3, 3, 3, 3, 3, 3, 3, 3, 3, 3), (3, 3, 3, 3, 3, 3, 3, 3, 3, 3, 3, 3, 3, 3, 3, 3, 3, 3, 3, 3, 3, 3, 3), (3, 3, 3, 3, 3, 3, 3, 3, 3, 3, 3, 3, 3, 3, 3, 3, 3, 3, 3, 3, 3, 3, 3), (3, 3, 3, 3, 3, 3, 8, 3, 3, 3, 3, 3, 3, 3, 3, 3, 3, 3, 3, 3, 3, 3, 3), (3, 3, 3, 3, 3, 3, 3, 3, 3, 3, 3, 3, 3, 3, 3, 3, 3, 3, 3, 3, 3, 3, 3), (3, 3, 3, 3, 3, 3, 3, 3, 3, 3, 3, 1, 3, 3, 3, 3, 3, 3, 3, 3, 3, 3, 3), (3, 3, 3, 3, 3, 3, 3, 3, 3, 3, 3, 3, 3, 3, 3, 3, 3, 3, 3, 3, 3, 3, 3), (3, 3, 3, 3, 3, 3, 3, 3, 3, 3, 3, 3, 3, 3, 3, 3, 3, 3, 3, 3, 3, 3, 3), (3, 6, 3, 3, 3, 3, 3, 3, 3, 3, 3, 3, 3, 3, 3, 2, 3, 3, 3, 3, 3, 3, 3), (3, 3, 3, 3, 3, 3, 3, 3, 3, 3, 3, 3, 3, 3, 3, 2, 3, 3, 3, 3, 3, 3, 3), (3, 3, 3, 3, 3, 3, 3, 3, 3, 3, 3, 3, 3, 3, 3, 3, 3, 3, 3, 3, 3, 3, 3), (3, 3, 3, 3, 3, 3, 3, 3, 3, 3, 3, 3, 3, 3, 3, 3, 3, 3, 3, 3, 3, 3, 3))
Updated inds: frozenset({(15, 21), (12, 4), (7, 17), (18, 17), (4, 0), (8, 0), (19, 0), (3, 13), (14, 13), (8, 9), (19, 9), (0, 5), (11, 5), (8, 18), (19, 18), (3, 22), (0, 14), (11, 14), (14, 22), (15, 5), (7, 1), (18, 1), (7, 10), (18, 10), (4, 2), (7, 19), (18, 19), (3, 6), (8, 2), (19, 2), (3, 15), (14, 15), (8, 11), (19, 11), (0, 7), (11, 7), (0, 16), (11, 16), (15, 7), (7, 3), (18, 3), (10, 20), (7, 12), (18, 12), (7, 21), (18, 21), (14, 8), (8, 4), (19, 4), (0, 0), (11, 0), (3, 17), (14, 17), (0, 9), (11, 9), (15, 0), (15, 9), (10, 22), (18, 5), (15, 18), (7, 14), (3, 1), (14, 1), (3, 10), (14, 10), (19, 6), (3, 19), (14, 19), (0, 2), (11, 2), (15, 2), (10, 15), (15, 11), (7, 7), (18, 7), (2, 20), (7, 16), (14, 3), (3, 12), (14, 12), (11, 4), (3, 21), (14, 21), (10, 8), (15, 4), (10, 17), (7, 0), (18, 0), (2, 13), (15, 13), (7, 9), (18, 9), (2, 22), (18, 18), (14, 5), (6, 22), (3, 14), (14, 14), (10, 1), (10, 10), (15, 6), (2, 6), (7, 2), (18, 2), (10, 19), (2, 15), (7, 11), (18, 11), (6, 15), (14, 7), (3, 16), (14, 16), (10, 3), (17, 18), (10, 12), (10, 21), (7, 4), (18, 4), (2, 17), (6, 8), (3, 0), (14, 0), (6, 17), (3, 9), (14, 9), (3, 18), (14, 18), (10, 5), (17, 20), (2, 1), (10, 14), (2, 10), (2, 19), (6, 10), (6, 19), (14, 2), (3, 11), (17, 13), (10, 7), (17, 22), (10, 16), (9, 18), (2, 12), (2, 21), (6, 3), (6, 12), (3, 4), (14, 4), (6, 21), (17, 6), (10, 0), (10, 9), (9, 11), (5, 22), (2, 5), (10, 18), (9, 20), (2, 14), (6, 5), (13, 20), (14, 6), (17, 8), (10, 2), (9, 4), (17, 17), (10, 11), (9, 13), (2, 7), (9, 22), (2, 16), (13, 13), (6, 7), (13, 22), (6, 16), (16, 18), (17, 1), (5, 8), (17, 10), (10, 4), (9, 6), (5, 17), (17, 19), (2, 0), (9, 15), (10, 13), (2, 9), (13, 6), (2, 18), (6, 0), (13, 15), (6, 9), (16, 11), (1, 22), (6, 18), (16, 20), (5, 1), (17, 3), (5, 10), (17, 12), (10, 6), (9, 8), (5, 19), (17, 21), (9, 17), (2, 11), (13, 8), (6, 2), (1, 15), (13, 17), (6, 11), (16, 13), (6, 20), (16, 22), (5, 3), (17, 5), (9, 1), (12, 18), (5, 12), (9, 10), (5, 21), (9, 19), (13, 1), (1, 8), (6, 4), (16, 6), (1, 17), (13, 19), (6, 13), (17, 7), (12, 20), (9, 3), (5, 14), (9, 12), (9, 21), (13, 3), (1, 10), (6, 6), (16, 8), (1, 19), (13, 21), (16, 17), (17, 0), (12, 13), (17, 9), (9, 5), (12, 22), (5, 16), (4, 18), (9, 14), (13, 5), (1, 12), (13, 14), (16, 10), (16, 19), (12, 6), (5, 0), (17, 2), (12, 15), (5, 9), (4, 11), (17, 11), (9, 7), (5, 18), (4, 20), (9, 16), (1, 5), (13, 7), (6, 1), (16, 3), (8, 20), (1, 14), (13, 16), (19, 20), (16, 12), (16, 21), (12, 8), (5, 2), (17, 4), (4, 4), (9, 0), (12, 17), (5, 11), (4, 13), (9, 9), (4, 22), (13, 0), (8, 13), (19, 13), (1, 7), (13, 9), (8, 22), (19, 22), (16, 5), (0, 18), (11, 18), (1, 16), (13, 18), (12, 1), (12, 10), (5, 4), (12, 19), (9, 2), (4, 15), (8, 6), (1, 0), (13, 2), (8, 15), (19, 15), (1, 9), (0, 11), (11, 11), (16, 7), (1, 18), (0, 20), (11, 20), (15, 20), (12, 3), (12, 12), (5, 6), (4, 8), (18, 8), (12, 21), (4, 17), (8, 8), (19, 8), (1, 2), (0, 4), (13, 4), (8, 17), (19, 17), (16, 0), (0, 13), (11, 13), (1, 11), (16, 9), (1, 20), (0, 22), (11, 22), (12, 5), (15, 22), (4, 1), (7, 18), (12, 14), (4, 10), (4, 19), (19, 1), (8, 10), (19, 10), (1, 4), (0, 6), (16, 2), (8, 19), (1, 13), (19, 19), (0, 15), (11, 15), (15, 15), (12, 7), (7, 20), (18, 20), (4, 3), (12, 16), (4, 12), (4, 21), (8, 3), (19, 3), (8, 12), (19, 12), (1, 6), (0, 8), (11, 8), (8, 21), (19, 21), (16, 4), (0, 17), (11, 17), (15, 8), (12, 0), (15, 17), (7, 13), (18, 13), (12, 9), (4, 5), (7, 22), (18, 22), (4, 14), (8, 5), (19, 5), (0, 1), (11, 1), (8, 14), (19, 14), (0, 10), (11, 10), (0, 19), (15, 1), (11, 19), (15, 10), (7, 6), (18, 6), (15, 19), (12, 2), (7, 15), (18, 15), (4, 7), (4, 16), (8, 7), (19, 7), (1, 1), (11, 3), (0, 3), (8, 16), (19, 16), (3, 20), (0, 12), (11, 12), (14, 20), (0, 21), (11, 21), (15, 3), (15, 12), (7, 8)})
tr: 20, succ: 18
ino: {(6, (0, 0))}, outo: {(6, (0, 0))}
loc: (17, 4)
oplcd: frozenset({(6, (17, 4))})
oplcdi: frozenset({(17, 4)})
Updated gi: ((3, 3, 3, 3, 3, 3, 3, 3, 3, 3, 3, 3, 3, 3, 3, 3, 3, 3, 3, 3, 3, 3, 3), (3, 3, 3, 3, 3, 3, 3, 3, 3, 3, 3, 3, 3, 3, 3, 3, 3, 3, 3, 3, 3, 6, 3), (3, 3, 3, 1, 3, 3, 3, 3, 6, 3, 3, 3, 3, 3, 3, 3, 3, 3, 3, 3, 3, 3, 3), (3, 3, 8, 3, 3, 3, 3, 3, 8, 3, 3, 3, 3, 3, 3, 3, 3, 3, 3, 3, 3, 3, 3), (3, 3, 3, 3, 3, 3, 2, 3, 3, 6, 3, 3, 3, 3, 3, 3, 3, 3, 3, 3, 3, 3, 3), (3, 3, 3, 3, 3, 3, 3, 3, 3, 3, 3, 3, 3, 8, 3, 8, 3, 3, 3, 3, 8, 3, 3), (3, 3, 3, 3, 3, 3, 3, 3, 3, 3, 3, 3, 3, 3, 6, 3, 3, 3, 3, 3, 3, 3, 3), (3, 3, 3, 3, 3, 8, 3, 3, 3, 3, 3, 3, 3, 3, 3, 3, 3, 3, 3, 3, 3, 3, 3), (3, 8, 3, 3, 3, 3, 3, 3, 3, 3, 3, 3, 3, 3, 3, 3, 3, 3, 3, 3, 3, 3, 3), (3, 3, 3, 3, 3, 3, 3, 3, 3, 3, 3, 3, 3, 3, 3, 3, 3, 3, 3, 3, 3, 3, 3), (3, 3, 3, 3, 3, 3, 3, 3, 3, 3, 3, 3, 3, 3, 3, 3, 3, 3, 3, 3, 3, 3, 3), (3, 3, 3, 3, 3, 3, 8, 3, 3, 3, 3, 3, 3, 3, 3, 3, 3, 3, 3, 3, 3, 3, 3), (3, 3, 3, 3, 3, 3, 3, 3, 3, 3, 3, 3, 3, 3, 3, 3, 3, 3, 3, 3, 3, 3, 3), (3, 3, 3, 3, 3, 3, 3, 3, 3, 3, 3, 1, 3, 3, 3, 3, 3, 3, 3, 3, 3, 3, 3), (3, 3, 3, 3, 3, 3, 3, 3, 3, 3, 3, 3, 3, 3, 3, 3, 3, 3, 3, 3, 3, 3, 3), (3, 3, 3, 3, 3, 3, 3, 3, 3, 3, 3, 3, 3, 3, 3, 3, 3, 3, 3, 3, 3, 3, 3), (3, 6, 3, 3, 3, 3, 3, 3, 3, 3, 3, 3, 3, 3, 3, 2, 3, 3, 3, 3, 3, 3, 3), (3, 3, 3, 3, 6, 3, 3, 3, 3, 3, 3, 3, 3, 3, 3, 2, 3, 3, 3, 3, 3, 3, 3), (3, 3, 3, 3, 3, 3, 3, 3, 3, 3, 3, 3, 3, 3, 3, 3, 3, 3, 3, 3, 3, 3, 3), (3, 3, 3, 3, 3, 3, 3, 3, 3, 3, 3, 3, 3, 3, 3, 3, 3, 3, 3, 3, 3, 3, 3))
Updated inds: frozenset({(15, 21), (12, 4), (7, 17), (18, 17), (4, 0), (8, 0), (19, 0), (3, 13), (14, 13), (8, 9), (19, 9), (0, 5), (11, 5), (8, 18), (19, 18), (3, 22), (0, 14), (11, 14), (14, 22), (15, 5), (7, 1), (18, 1), (7, 10), (18, 10), (4, 2), (7, 19), (18, 19), (3, 6), (8, 2), (19, 2), (3, 15), (14, 15), (8, 11), (19, 11), (0, 7), (11, 7), (0, 16), (11, 16), (15, 7), (7, 3), (18, 3), (10, 20), (7, 12), (18, 12), (7, 21), (18, 21), (14, 8), (8, 4), (19, 4), (0, 0), (11, 0), (3, 17), (14, 17), (0, 9), (11, 9), (15, 0), (15, 9), (10, 22), (18, 5), (15, 18), (7, 14), (3, 1), (14, 1), (3, 10), (14, 10), (19, 6), (3, 19), (14, 19), (0, 2), (11, 2), (15, 2), (10, 15), (15, 11), (7, 7), (18, 7), (2, 20), (7, 16), (14, 3), (3, 12), (14, 12), (11, 4), (3, 21), (14, 21), (10, 8), (15, 4), (10, 17), (7, 0), (18, 0), (2, 13), (15, 13), (7, 9), (18, 9), (2, 22), (18, 18), (14, 5), (6, 22), (3, 14), (14, 14), (10, 1), (10, 10), (15, 6), (2, 6), (7, 2), (18, 2), (10, 19), (2, 15), (7, 8), (7, 11), (18, 11), (6, 15), (14, 7), (3, 16), (14, 16), (10, 3), (17, 18), (10, 12), (10, 21), (7, 4), (18, 4), (2, 17), (6, 8), (3, 0), (14, 0), (6, 17), (3, 9), (14, 9), (3, 18), (14, 18), (10, 5), (17, 20), (2, 1), (10, 14), (2, 10), (2, 19), (6, 10), (6, 19), (14, 2), (3, 11), (17, 13), (10, 7), (17, 22), (10, 16), (9, 18), (2, 12), (2, 21), (6, 3), (6, 12), (3, 4), (14, 4), (6, 21), (17, 6), (10, 0), (10, 9), (9, 11), (5, 22), (2, 5), (10, 18), (9, 20), (2, 14), (6, 5), (13, 20), (14, 6), (17, 8), (10, 2), (9, 4), (17, 17), (10, 11), (9, 13), (2, 7), (9, 22), (2, 16), (13, 13), (6, 7), (13, 22), (6, 16), (16, 18), (17, 1), (5, 8), (17, 10), (10, 4), (9, 6), (5, 17), (17, 19), (2, 0), (9, 15), (10, 13), (2, 9), (13, 6), (2, 18), (6, 0), (13, 15), (6, 9), (16, 11), (1, 22), (6, 18), (16, 20), (5, 1), (17, 3), (5, 10), (17, 12), (10, 6), (9, 8), (5, 19), (17, 21), (9, 17), (2, 11), (13, 8), (6, 2), (1, 15), (13, 17), (6, 11), (16, 13), (6, 20), (16, 22), (5, 3), (17, 5), (9, 1), (12, 18), (5, 12), (9, 10), (5, 21), (9, 19), (13, 1), (1, 8), (6, 4), (16, 6), (1, 17), (13, 19), (6, 13), (17, 7), (12, 20), (9, 3), (5, 14), (9, 12), (9, 21), (13, 3), (1, 10), (6, 6), (16, 8), (1, 19), (13, 21), (16, 17), (17, 0), (12, 13), (17, 9), (9, 5), (12, 22), (5, 16), (4, 18), (9, 14), (13, 5), (1, 12), (13, 14), (16, 10), (16, 19), (12, 6), (5, 0), (17, 2), (12, 15), (5, 9), (4, 11), (17, 11), (9, 7), (5, 18), (4, 20), (9, 16), (1, 5), (13, 7), (6, 1), (16, 3), (8, 20), (1, 14), (13, 16), (19, 20), (16, 12), (16, 21), (12, 8), (5, 2), (4, 4), (9, 0), (12, 17), (5, 11), (4, 13), (9, 9), (4, 22), (13, 0), (8, 13), (19, 13), (1, 7), (13, 9), (8, 22), (19, 22), (16, 5), (0, 18), (11, 18), (1, 16), (13, 18), (12, 1), (12, 10), (5, 4), (12, 19), (9, 2), (4, 15), (8, 6), (1, 0), (13, 2), (8, 15), (19, 15), (1, 9), (0, 11), (11, 11), (16, 7), (1, 18), (0, 20), (11, 20), (15, 20), (12, 3), (12, 12), (5, 6), (4, 8), (12, 21), (4, 17), (8, 8), (19, 8), (1, 2), (0, 4), (13, 4), (8, 17), (19, 17), (16, 0), (0, 13), (11, 13), (1, 11), (16, 9), (1, 20), (0, 22), (11, 22), (12, 5), (15, 22), (4, 1), (7, 18), (12, 14), (4, 10), (4, 19), (19, 1), (8, 10), (19, 10), (1, 4), (0, 6), (16, 2), (8, 19), (1, 13), (19, 19), (0, 15), (11, 15), (15, 15), (12, 7), (7, 20), (18, 20), (4, 3), (12, 16), (4, 12), (4, 21), (8, 3), (19, 3), (8, 12), (19, 12), (1, 6), (0, 8), (11, 8), (8, 21), (19, 21), (16, 4), (0, 17), (11, 17), (15, 8), (12, 0), (15, 17), (7, 13), (18, 13), (12, 9), (4, 5), (7, 22), (18, 22), (4, 14), (8, 5), (19, 5), (0, 1), (11, 1), (8, 14), (19, 14), (0, 10), (11, 10), (0, 19), (15, 1), (11, 19), (15, 10), (7, 6), (18, 6), (15, 19), (12, 2), (7, 15), (18, 15), (4, 7), (4, 16), (8, 7), (19, 7), (1, 1), (11, 3), (0, 3), (8, 16), (19, 16), (3, 20), (0, 12), (11, 12), (14, 20), (0, 21), (11, 21), (15, 3), (15, 12), (18, 8)})
tr: 21, succ: 19
ino: {(8, (0, 0))}, outo: {(8, (0, 0))}
loc: (14, 18)
oplcd: frozenset({(8, (14, 18))})
oplcdi: frozenset({(14, 18)})
Updated gi: ((3, 3, 3, 3, 3, 3, 3, 3, 3, 3, 3, 3, 3, 3, 3, 3, 3, 3, 3, 3, 3, 3, 3), (3, 3, 3, 3, 3, 3, 3, 3, 3, 3, 3, 3, 3, 3, 3, 3, 3, 3, 3, 3, 3, 6, 3), (3, 3, 3, 1, 3, 3, 3, 3, 6, 3, 3, 3, 3, 3, 3, 3, 3, 3, 3, 3, 3, 3, 3), (3, 3, 8, 3, 3, 3, 3, 3, 8, 3, 3, 3, 3, 3, 3, 3, 3, 3, 3, 3, 3, 3, 3), (3, 3, 3, 3, 3, 3, 2, 3, 3, 6, 3, 3, 3, 3, 3, 3, 3, 3, 3, 3, 3, 3, 3), (3, 3, 3, 3, 3, 3, 3, 3, 3, 3, 3, 3, 3, 8, 3, 8, 3, 3, 3, 3, 8, 3, 3), (3, 3, 3, 3, 3, 3, 3, 3, 3, 3, 3, 3, 3, 3, 6, 3, 3, 3, 3, 3, 3, 3, 3), (3, 3, 3, 3, 3, 8, 3, 3, 3, 3, 3, 3, 3, 3, 3, 3, 3, 3, 3, 3, 3, 3, 3), (3, 8, 3, 3, 3, 3, 3, 3, 3, 3, 3, 3, 3, 3, 3, 3, 3, 3, 3, 3, 3, 3, 3), (3, 3, 3, 3, 3, 3, 3, 3, 3, 3, 3, 3, 3, 3, 3, 3, 3, 3, 3, 3, 3, 3, 3), (3, 3, 3, 3, 3, 3, 3, 3, 3, 3, 3, 3, 3, 3, 3, 3, 3, 3, 3, 3, 3, 3, 3), (3, 3, 3, 3, 3, 3, 8, 3, 3, 3, 3, 3, 3, 3, 3, 3, 3, 3, 3, 3, 3, 3, 3), (3, 3, 3, 3, 3, 3, 3, 3, 3, 3, 3, 3, 3, 3, 3, 3, 3, 3, 3, 3, 3, 3, 3), (3, 3, 3, 3, 3, 3, 3, 3, 3, 3, 3, 1, 3, 3, 3, 3, 3, 3, 3, 3, 3, 3, 3), (3, 3, 3, 3, 3, 3, 3, 3, 3, 3, 3, 3, 3, 3, 3, 3, 3, 3, 8, 3, 3, 3, 3), (3, 3, 3, 3, 3, 3, 3, 3, 3, 3, 3, 3, 3, 3, 3, 3, 3, 3, 3, 3, 3, 3, 3), (3, 6, 3, 3, 3, 3, 3, 3, 3, 3, 3, 3, 3, 3, 3, 2, 3, 3, 3, 3, 3, 3, 3), (3, 3, 3, 3, 6, 3, 3, 3, 3, 3, 3, 3, 3, 3, 3, 2, 3, 3, 3, 3, 3, 3, 3), (3, 3, 3, 3, 3, 3, 3, 3, 3, 3, 3, 3, 3, 3, 3, 3, 3, 3, 3, 3, 3, 3, 3), (3, 3, 3, 3, 3, 3, 3, 3, 3, 3, 3, 3, 3, 3, 3, 3, 3, 3, 3, 3, 3, 3, 3))
Updated inds: frozenset({(15, 21), (12, 4), (7, 17), (18, 17), (4, 0), (8, 0), (19, 0), (3, 13), (14, 13), (8, 9), (19, 9), (0, 5), (11, 5), (8, 18), (19, 18), (3, 22), (0, 14), (11, 14), (14, 22), (15, 5), (7, 1), (18, 1), (7, 10), (18, 10), (4, 2), (7, 19), (18, 19), (3, 6), (8, 2), (19, 2), (3, 15), (14, 15), (8, 11), (19, 11), (0, 7), (11, 7), (0, 16), (11, 16), (15, 7), (7, 3), (18, 3), (10, 20), (7, 12), (18, 12), (7, 21), (18, 21), (14, 8), (8, 4), (19, 4), (0, 0), (11, 0), (3, 17), (14, 17), (0, 9), (11, 9), (15, 0), (15, 9), (10, 22), (18, 5), (15, 18), (7, 14), (3, 1), (14, 1), (3, 10), (14, 10), (19, 6), (3, 19), (14, 19), (0, 2), (11, 2), (15, 2), (10, 15), (15, 11), (7, 7), (18, 7), (2, 20), (7, 16), (14, 3), (3, 12), (14, 12), (11, 4), (3, 21), (14, 21), (10, 8), (15, 4), (10, 17), (7, 0), (18, 0), (2, 13), (15, 13), (7, 9), (18, 9), (2, 22), (18, 18), (14, 5), (6, 22), (3, 14), (14, 14), (10, 1), (10, 10), (15, 6), (2, 6), (7, 2), (18, 2), (10, 19), (2, 15), (7, 11), (18, 11), (6, 15), (14, 7), (3, 16), (14, 16), (10, 3), (17, 18), (10, 12), (10, 21), (7, 4), (18, 4), (2, 17), (6, 8), (3, 0), (14, 0), (6, 17), (3, 9), (14, 9), (3, 18), (10, 5), (17, 20), (2, 1), (10, 14), (2, 10), (2, 19), (6, 10), (6, 19), (14, 2), (3, 11), (17, 13), (10, 7), (17, 22), (10, 16), (9, 18), (2, 12), (2, 21), (6, 3), (6, 12), (3, 4), (14, 4), (6, 21), (17, 6), (10, 0), (10, 9), (9, 11), (5, 22), (2, 5), (10, 18), (9, 20), (2, 14), (6, 5), (13, 20), (14, 6), (17, 8), (10, 2), (9, 4), (17, 17), (10, 11), (9, 13), (2, 7), (9, 22), (2, 16), (13, 13), (6, 7), (13, 22), (6, 16), (16, 18), (17, 1), (5, 8), (17, 10), (10, 4), (9, 6), (5, 17), (17, 19), (2, 0), (9, 15), (10, 13), (2, 9), (13, 6), (2, 18), (6, 0), (13, 15), (6, 9), (16, 11), (1, 22), (6, 18), (16, 20), (5, 1), (17, 3), (5, 10), (17, 12), (10, 6), (9, 8), (5, 19), (17, 21), (9, 17), (2, 11), (13, 8), (6, 2), (1, 15), (13, 17), (6, 11), (16, 13), (6, 20), (16, 22), (5, 3), (17, 5), (9, 1), (12, 18), (5, 12), (9, 10), (5, 21), (9, 19), (13, 1), (1, 8), (6, 4), (16, 6), (1, 17), (13, 19), (6, 13), (17, 7), (12, 20), (9, 3), (5, 14), (9, 12), (9, 21), (13, 3), (1, 10), (6, 6), (16, 8), (1, 19), (13, 21), (16, 17), (17, 0), (12, 13), (17, 9), (9, 5), (12, 22), (5, 16), (4, 18), (9, 14), (13, 5), (1, 12), (13, 14), (16, 10), (16, 19), (12, 6), (5, 0), (17, 2), (12, 15), (5, 9), (4, 11), (17, 11), (9, 7), (5, 18), (4, 20), (9, 16), (1, 5), (13, 7), (6, 1), (16, 3), (8, 20), (1, 14), (13, 16), (19, 20), (16, 12), (16, 21), (12, 8), (5, 2), (4, 4), (9, 0), (12, 17), (5, 11), (4, 13), (9, 9), (4, 22), (13, 0), (8, 13), (19, 13), (1, 7), (13, 9), (8, 22), (19, 22), (16, 5), (0, 18), (11, 18), (1, 16), (13, 18), (12, 1), (12, 10), (5, 4), (12, 19), (9, 2), (4, 15), (8, 6), (1, 0), (13, 2), (8, 15), (19, 15), (1, 9), (0, 11), (11, 11), (16, 7), (1, 18), (0, 20), (11, 20), (15, 20), (12, 3), (12, 12), (5, 6), (4, 8), (18, 8), (12, 21), (4, 17), (8, 8), (19, 8), (1, 2), (0, 4), (13, 4), (8, 17), (19, 17), (16, 0), (0, 13), (11, 13), (1, 11), (16, 9), (1, 20), (0, 22), (11, 22), (12, 5), (15, 22), (4, 1), (7, 18), (12, 14), (4, 10), (4, 19), (19, 1), (8, 10), (19, 10), (1, 4), (0, 6), (16, 2), (8, 19), (1, 13), (19, 19), (0, 15), (11, 15), (15, 15), (12, 7), (7, 20), (18, 20), (4, 3), (12, 16), (4, 12), (4, 21), (8, 3), (19, 3), (8, 12), (19, 12), (1, 6), (0, 8), (11, 8), (8, 21), (19, 21), (16, 4), (0, 17), (11, 17), (15, 8), (12, 0), (15, 17), (7, 13), (18, 13), (12, 9), (4, 5), (7, 22), (18, 22), (4, 14), (8, 5), (19, 5), (0, 1), (11, 1), (8, 14), (19, 14), (0, 10), (11, 10), (0, 19), (15, 1), (11, 19), (15, 10), (7, 6), (18, 6), (15, 19), (12, 2), (7, 15), (18, 15), (4, 7), (4, 16), (8, 7), (19, 7), (1, 1), (11, 3), (0, 3), (8, 16), (19, 16), (3, 20), (0, 12), (11, 12), (14, 20), (0, 21), (11, 21), (15, 3), (15, 12), (7, 8)})
tr: 22, succ: 20
ino: {(8, (0, 0))}, outo: {(8, (0, 0))}
loc: (4, 2)
oplcd: frozenset({(8, (4, 2))})
oplcdi: frozenset({(4, 2)})
Updated gi: ((3, 3, 3, 3, 3, 3, 3, 3, 3, 3, 3, 3, 3, 3, 3, 3, 3, 3, 3, 3, 3, 3, 3), (3, 3, 3, 3, 3, 3, 3, 3, 3, 3, 3, 3, 3, 3, 3, 3, 3, 3, 3, 3, 3, 6, 3), (3, 3, 3, 1, 3, 3, 3, 3, 6, 3, 3, 3, 3, 3, 3, 3, 3, 3, 3, 3, 3, 3, 3), (3, 3, 8, 3, 3, 3, 3, 3, 8, 3, 3, 3, 3, 3, 3, 3, 3, 3, 3, 3, 3, 3, 3), (3, 3, 8, 3, 3, 3, 2, 3, 3, 6, 3, 3, 3, 3, 3, 3, 3, 3, 3, 3, 3, 3, 3), (3, 3, 3, 3, 3, 3, 3, 3, 3, 3, 3, 3, 3, 8, 3, 8, 3, 3, 3, 3, 8, 3, 3), (3, 3, 3, 3, 3, 3, 3, 3, 3, 3, 3, 3, 3, 3, 6, 3, 3, 3, 3, 3, 3, 3, 3), (3, 3, 3, 3, 3, 8, 3, 3, 3, 3, 3, 3, 3, 3, 3, 3, 3, 3, 3, 3, 3, 3, 3), (3, 8, 3, 3, 3, 3, 3, 3, 3, 3, 3, 3, 3, 3, 3, 3, 3, 3, 3, 3, 3, 3, 3), (3, 3, 3, 3, 3, 3, 3, 3, 3, 3, 3, 3, 3, 3, 3, 3, 3, 3, 3, 3, 3, 3, 3), (3, 3, 3, 3, 3, 3, 3, 3, 3, 3, 3, 3, 3, 3, 3, 3, 3, 3, 3, 3, 3, 3, 3), (3, 3, 3, 3, 3, 3, 8, 3, 3, 3, 3, 3, 3, 3, 3, 3, 3, 3, 3, 3, 3, 3, 3), (3, 3, 3, 3, 3, 3, 3, 3, 3, 3, 3, 3, 3, 3, 3, 3, 3, 3, 3, 3, 3, 3, 3), (3, 3, 3, 3, 3, 3, 3, 3, 3, 3, 3, 1, 3, 3, 3, 3, 3, 3, 3, 3, 3, 3, 3), (3, 3, 3, 3, 3, 3, 3, 3, 3, 3, 3, 3, 3, 3, 3, 3, 3, 3, 8, 3, 3, 3, 3), (3, 3, 3, 3, 3, 3, 3, 3, 3, 3, 3, 3, 3, 3, 3, 3, 3, 3, 3, 3, 3, 3, 3), (3, 6, 3, 3, 3, 3, 3, 3, 3, 3, 3, 3, 3, 3, 3, 2, 3, 3, 3, 3, 3, 3, 3), (3, 3, 3, 3, 6, 3, 3, 3, 3, 3, 3, 3, 3, 3, 3, 2, 3, 3, 3, 3, 3, 3, 3), (3, 3, 3, 3, 3, 3, 3, 3, 3, 3, 3, 3, 3, 3, 3, 3, 3, 3, 3, 3, 3, 3, 3), (3, 3, 3, 3, 3, 3, 3, 3, 3, 3, 3, 3, 3, 3, 3, 3, 3, 3, 3, 3, 3, 3, 3))
Updated inds: frozenset({(15, 21), (12, 4), (7, 17), (18, 17), (4, 0), (8, 0), (19, 0), (3, 13), (14, 13), (8, 9), (19, 9), (0, 5), (11, 5), (8, 18), (19, 18), (3, 22), (0, 14), (11, 14), (14, 22), (15, 5), (7, 1), (18, 1), (7, 10), (18, 10), (7, 19), (18, 19), (3, 6), (8, 2), (19, 2), (3, 15), (14, 15), (8, 11), (19, 11), (0, 7), (11, 7), (0, 16), (11, 16), (15, 7), (7, 3), (18, 3), (10, 20), (7, 12), (18, 12), (7, 21), (18, 21), (14, 8), (8, 4), (19, 4), (0, 0), (11, 0), (3, 17), (14, 17), (0, 9), (11, 9), (15, 0), (15, 9), (10, 22), (18, 5), (15, 18), (7, 14), (3, 1), (14, 1), (3, 10), (14, 10), (19, 6), (3, 19), (14, 19), (0, 2), (11, 2), (15, 2), (10, 15), (15, 11), (7, 7), (18, 7), (2, 20), (7, 16), (14, 3), (3, 12), (14, 12), (11, 4), (3, 21), (14, 21), (10, 8), (15, 4), (10, 17), (7, 0), (18, 0), (2, 13), (15, 13), (7, 9), (18, 9), (2, 22), (18, 18), (14, 5), (6, 22), (3, 14), (14, 14), (10, 1), (10, 10), (15, 6), (2, 6), (7, 2), (18, 2), (10, 19), (2, 15), (7, 8), (7, 11), (18, 11), (6, 15), (14, 7), (3, 16), (14, 16), (10, 3), (17, 18), (10, 12), (10, 21), (7, 4), (18, 4), (2, 17), (6, 8), (3, 0), (14, 0), (6, 17), (3, 9), (14, 9), (3, 18), (10, 5), (17, 20), (2, 1), (10, 14), (2, 10), (2, 19), (6, 10), (6, 19), (14, 2), (3, 11), (17, 13), (10, 7), (17, 22), (10, 16), (9, 18), (2, 12), (2, 21), (6, 3), (6, 12), (3, 4), (14, 4), (6, 21), (17, 6), (10, 0), (10, 9), (9, 11), (5, 22), (2, 5), (10, 18), (9, 20), (2, 14), (6, 5), (13, 20), (14, 6), (17, 8), (10, 2), (9, 4), (17, 17), (10, 11), (9, 13), (2, 7), (9, 22), (2, 16), (13, 13), (6, 7), (13, 22), (6, 16), (16, 18), (17, 1), (5, 8), (17, 10), (10, 4), (9, 6), (5, 17), (17, 19), (2, 0), (9, 15), (10, 13), (2, 9), (13, 6), (2, 18), (6, 0), (13, 15), (6, 9), (16, 11), (1, 22), (6, 18), (16, 20), (5, 1), (17, 3), (5, 10), (17, 12), (10, 6), (9, 8), (5, 19), (17, 21), (9, 17), (2, 11), (13, 8), (6, 2), (1, 15), (13, 17), (6, 11), (16, 13), (6, 20), (16, 22), (5, 3), (17, 5), (9, 1), (12, 18), (5, 12), (9, 10), (5, 21), (9, 19), (13, 1), (1, 8), (6, 4), (16, 6), (1, 17), (13, 19), (6, 13), (17, 7), (12, 20), (9, 3), (5, 14), (9, 12), (9, 21), (13, 3), (1, 10), (6, 6), (16, 8), (1, 19), (13, 21), (16, 17), (17, 0), (12, 13), (17, 9), (9, 5), (12, 22), (5, 16), (4, 18), (9, 14), (13, 5), (1, 12), (13, 14), (16, 10), (16, 19), (12, 6), (5, 0), (17, 2), (12, 15), (5, 9), (4, 11), (17, 11), (9, 7), (5, 18), (4, 20), (9, 16), (1, 5), (13, 7), (6, 1), (16, 3), (8, 20), (1, 14), (13, 16), (19, 20), (16, 12), (16, 21), (12, 8), (5, 2), (4, 4), (9, 0), (12, 17), (5, 11), (4, 13), (9, 9), (4, 22), (13, 0), (8, 13), (19, 13), (1, 7), (13, 9), (8, 22), (19, 22), (16, 5), (0, 18), (11, 18), (1, 16), (13, 18), (12, 1), (12, 10), (5, 4), (12, 19), (9, 2), (4, 15), (8, 6), (1, 0), (13, 2), (8, 15), (19, 15), (1, 9), (0, 11), (11, 11), (16, 7), (1, 18), (0, 20), (11, 20), (15, 20), (12, 3), (12, 12), (5, 6), (4, 8), (12, 21), (4, 17), (8, 8), (19, 8), (1, 2), (0, 4), (13, 4), (8, 17), (19, 17), (16, 0), (0, 13), (11, 13), (1, 11), (16, 9), (1, 20), (0, 22), (11, 22), (12, 5), (15, 22), (4, 1), (7, 18), (12, 14), (4, 10), (4, 19), (19, 1), (8, 10), (19, 10), (1, 4), (0, 6), (16, 2), (8, 19), (1, 13), (19, 19), (0, 15), (11, 15), (15, 15), (12, 7), (7, 20), (18, 20), (4, 3), (12, 16), (4, 12), (4, 21), (8, 3), (19, 3), (8, 12), (19, 12), (1, 6), (0, 8), (11, 8), (8, 21), (19, 21), (16, 4), (0, 17), (11, 17), (15, 8), (12, 0), (15, 17), (7, 13), (18, 13), (12, 9), (4, 5), (7, 22), (18, 22), (4, 14), (8, 5), (19, 5), (0, 1), (11, 1), (8, 14), (19, 14), (0, 10), (11, 10), (0, 19), (15, 1), (11, 19), (15, 10), (7, 6), (18, 6), (15, 19), (12, 2), (7, 15), (18, 15), (4, 7), (4, 16), (8, 7), (19, 7), (1, 1), (11, 3), (0, 3), (8, 16), (19, 16), (3, 20), (0, 12), (11, 12), (14, 20), (0, 21), (11, 21), (15, 3), (15, 12), (18, 8)})
tr: 23, succ: 21
ino: {(1, (1, 1))}, outo: {(7, (2, 1)), (1, (1, 1)), (7, (1, 2)), (7, (0, 1)), (7, (1, 0))}
loc: (2, 20)
oplcd: frozenset({(7, (2, 21)), (1, (3, 21)), (7, (4, 21)), (7, (3, 20)), (7, (3, 22))})
oplcdi: frozenset({(3, 20), (4, 21), (3, 22), (2, 21), (3, 21)})
Updated gi: ((3, 3, 3, 3, 3, 3, 3, 3, 3, 3, 3, 3, 3, 3, 3, 3, 3, 3, 3, 3, 3, 3, 3), (3, 3, 3, 3, 3, 3, 3, 3, 3, 3, 3, 3, 3, 3, 3, 3, 3, 3, 3, 3, 3, 6, 3), (3, 3, 3, 1, 3, 3, 3, 3, 6, 3, 3, 3, 3, 3, 3, 3, 3, 3, 3, 3, 3, 3, 3), (3, 3, 8, 3, 3, 3, 3, 3, 8, 3, 3, 3, 3, 3, 3, 3, 3, 3, 3, 3, 3, 1, 3), (3, 3, 8, 3, 3, 3, 2, 3, 3, 6, 3, 3, 3, 3, 3, 3, 3, 3, 3, 3, 3, 3, 3), (3, 3, 3, 3, 3, 3, 3, 3, 3, 3, 3, 3, 3, 8, 3, 8, 3, 3, 3, 3, 8, 3, 3), (3, 3, 3, 3, 3, 3, 3, 3, 3, 3, 3, 3, 3, 3, 6, 3, 3, 3, 3, 3, 3, 3, 3), (3, 3, 3, 3, 3, 8, 3, 3, 3, 3, 3, 3, 3, 3, 3, 3, 3, 3, 3, 3, 3, 3, 3), (3, 8, 3, 3, 3, 3, 3, 3, 3, 3, 3, 3, 3, 3, 3, 3, 3, 3, 3, 3, 3, 3, 3), (3, 3, 3, 3, 3, 3, 3, 3, 3, 3, 3, 3, 3, 3, 3, 3, 3, 3, 3, 3, 3, 3, 3), (3, 3, 3, 3, 3, 3, 3, 3, 3, 3, 3, 3, 3, 3, 3, 3, 3, 3, 3, 3, 3, 3, 3), (3, 3, 3, 3, 3, 3, 8, 3, 3, 3, 3, 3, 3, 3, 3, 3, 3, 3, 3, 3, 3, 3, 3), (3, 3, 3, 3, 3, 3, 3, 3, 3, 3, 3, 3, 3, 3, 3, 3, 3, 3, 3, 3, 3, 3, 3), (3, 3, 3, 3, 3, 3, 3, 3, 3, 3, 3, 1, 3, 3, 3, 3, 3, 3, 3, 3, 3, 3, 3), (3, 3, 3, 3, 3, 3, 3, 3, 3, 3, 3, 3, 3, 3, 3, 3, 3, 3, 8, 3, 3, 3, 3), (3, 3, 3, 3, 3, 3, 3, 3, 3, 3, 3, 3, 3, 3, 3, 3, 3, 3, 3, 3, 3, 3, 3), (3, 6, 3, 3, 3, 3, 3, 3, 3, 3, 3, 3, 3, 3, 3, 2, 3, 3, 3, 3, 3, 3, 3), (3, 3, 3, 3, 6, 3, 3, 3, 3, 3, 3, 3, 3, 3, 3, 2, 3, 3, 3, 3, 3, 3, 3), (3, 3, 3, 3, 3, 3, 3, 3, 3, 3, 3, 3, 3, 3, 3, 3, 3, 3, 3, 3, 3, 3, 3), (3, 3, 3, 3, 3, 3, 3, 3, 3, 3, 3, 3, 3, 3, 3, 3, 3, 3, 3, 3, 3, 3, 3))
Updated inds: frozenset({(15, 21), (12, 4), (7, 17), (18, 17), (4, 0), (8, 0), (19, 0), (3, 13), (14, 13), (8, 9), (19, 9), (0, 5), (11, 5), (8, 18), (19, 18), (0, 14), (11, 14), (14, 22), (15, 5), (7, 1), (18, 1), (7, 10), (18, 10), (7, 19), (18, 19), (3, 6), (8, 2), (19, 2), (3, 15), (14, 15), (8, 11), (19, 11), (0, 7), (11, 7), (0, 16), (11, 16), (15, 7), (7, 3), (18, 3), (10, 20), (7, 12), (18, 12), (7, 21), (18, 21), (14, 8), (8, 4), (19, 4), (0, 0), (11, 0), (3, 17), (14, 17), (0, 9), (11, 9), (15, 0), (15, 9), (10, 22), (18, 5), (15, 18), (7, 14), (3, 1), (14, 1), (3, 10), (14, 10), (19, 6), (3, 19), (14, 19), (0, 2), (11, 2), (15, 2), (10, 15), (15, 11), (7, 7), (18, 7), (2, 20), (7, 16), (14, 3), (3, 12), (14, 12), (11, 4), (14, 21), (10, 8), (15, 4), (10, 17), (7, 0), (18, 0), (2, 13), (15, 13), (7, 9), (18, 9), (2, 22), (18, 18), (14, 5), (6, 22), (3, 14), (14, 14), (10, 1), (10, 10), (15, 6), (2, 6), (7, 2), (18, 2), (10, 19), (2, 15), (7, 11), (18, 11), (6, 15), (14, 7), (3, 16), (14, 16), (10, 3), (17, 18), (10, 12), (10, 21), (7, 4), (18, 4), (2, 17), (6, 8), (3, 0), (14, 0), (6, 17), (3, 9), (14, 9), (3, 18), (10, 5), (17, 20), (2, 1), (10, 14), (2, 10), (2, 19), (6, 10), (6, 19), (14, 2), (3, 11), (17, 13), (10, 7), (17, 22), (10, 16), (9, 18), (2, 12), (6, 3), (6, 12), (3, 4), (14, 4), (6, 21), (17, 6), (10, 0), (10, 9), (9, 11), (5, 22), (2, 5), (10, 18), (9, 20), (2, 14), (6, 5), (13, 20), (14, 6), (17, 8), (10, 2), (9, 4), (17, 17), (10, 11), (9, 13), (2, 7), (9, 22), (2, 16), (13, 13), (6, 7), (13, 22), (6, 16), (16, 18), (17, 1), (5, 8), (17, 10), (10, 4), (9, 6), (5, 17), (17, 19), (2, 0), (9, 15), (10, 13), (2, 9), (13, 6), (2, 18), (6, 0), (13, 15), (6, 9), (16, 11), (1, 22), (6, 18), (16, 20), (5, 1), (17, 3), (5, 10), (17, 12), (10, 6), (9, 8), (5, 19), (17, 21), (9, 17), (2, 11), (13, 8), (6, 2), (1, 15), (13, 17), (6, 11), (16, 13), (6, 20), (16, 22), (5, 3), (17, 5), (9, 1), (12, 18), (5, 12), (9, 10), (5, 21), (9, 19), (13, 1), (1, 8), (6, 4), (16, 6), (1, 17), (13, 19), (6, 13), (17, 7), (12, 20), (9, 3), (5, 14), (9, 12), (9, 21), (13, 3), (1, 10), (6, 6), (16, 8), (1, 19), (13, 21), (16, 17), (17, 0), (12, 13), (17, 9), (9, 5), (12, 22), (5, 16), (4, 18), (9, 14), (13, 5), (1, 12), (13, 14), (16, 10), (16, 19), (12, 6), (5, 0), (17, 2), (12, 15), (5, 9), (4, 11), (17, 11), (9, 7), (5, 18), (4, 20), (9, 16), (1, 5), (13, 7), (6, 1), (16, 3), (8, 20), (1, 14), (13, 16), (19, 20), (16, 12), (16, 21), (12, 8), (5, 2), (4, 4), (9, 0), (12, 17), (5, 11), (4, 13), (9, 9), (4, 22), (13, 0), (8, 13), (19, 13), (1, 7), (13, 9), (8, 22), (19, 22), (16, 5), (0, 18), (11, 18), (1, 16), (13, 18), (12, 1), (12, 10), (5, 4), (12, 19), (9, 2), (4, 15), (8, 6), (1, 0), (13, 2), (8, 15), (19, 15), (1, 9), (0, 11), (11, 11), (16, 7), (1, 18), (0, 20), (11, 20), (15, 20), (12, 3), (12, 12), (5, 6), (4, 8), (18, 8), (12, 21), (4, 17), (8, 8), (19, 8), (1, 2), (0, 4), (13, 4), (8, 17), (19, 17), (16, 0), (0, 13), (11, 13), (1, 11), (16, 9), (1, 20), (0, 22), (11, 22), (12, 5), (15, 22), (4, 1), (7, 18), (12, 14), (4, 10), (4, 19), (19, 1), (8, 10), (19, 10), (1, 4), (0, 6), (16, 2), (8, 19), (1, 13), (19, 19), (0, 15), (11, 15), (15, 15), (12, 7), (7, 20), (18, 20), (4, 3), (12, 16), (4, 12), (8, 3), (19, 3), (8, 12), (19, 12), (1, 6), (0, 8), (11, 8), (8, 21), (19, 21), (16, 4), (0, 17), (11, 17), (15, 8), (12, 0), (15, 17), (7, 13), (18, 13), (12, 9), (4, 5), (7, 22), (18, 22), (4, 14), (8, 5), (19, 5), (0, 1), (11, 1), (8, 14), (19, 14), (0, 10), (11, 10), (0, 19), (15, 1), (11, 19), (15, 10), (7, 6), (18, 6), (15, 19), (12, 2), (7, 15), (18, 15), (4, 7), (4, 16), (8, 7), (19, 7), (1, 1), (11, 3), (0, 3), (8, 16), (19, 16), (0, 12), (11, 12), (14, 20), (0, 21), (11, 21), (15, 3), (15, 12), (7, 8)})
tr: 24, succ: 22
